location,country,Lat,Lon,parameter,n,yBaseline,y2020,diffBase,diffBaseRel
AM11 Słupsk Kniaziewicza,PL,54.46361,17.046722,o3,2,49.775321500000004,16.3187695,-33.456552,-67.21513993636384
"Anand Vihar, Delhi - DPCC",IN,NA,NA,no2,3,149.86798333333334,43.748266666666666,-106.11971666666668,-70.8087973871226
"Anand Vihar, Delhi - DPCC",IN,NA,NA,pm25,3,204.97929666666667,74.20023333333333,-130.77906333333334,-63.801108433894036
"Bang Nak, Mueang",TH,6.427698,101.82357,o3,3,0.0456224828352,0.0424985015712,-0.0031239812640000003,-6.847460001869285
"Bang Prong, Mueang",TH,NA,NA,o3,3,0.0848979616656,0.051632920412799994,-0.033265041252800005,-39.18237917634098
BAR-TORR - Barbosa - Torre Social,CO,6.43696,-75.33042499999999,pm25,2,27.721090500000003,17.9972545,-9.723836000000002,-35.077393510186774
Beaufort,US,34.8848,-76.6203,o3,3,0.0762785209408,0.0721076757104,-0.004170845230399997,-5.467915710684799
BELAL05,BE,51.26312,4.2788897,pm25,1,14.510792,12.403226,-2.1075660000000003,-14.524127973166456
Beloit-Converse,US,42.51831,-89.06347,o3,3,0.0638695983648,0.0607595813424,-0.003110017022399998,-4.869322967457394
Bethel Smith Farm Ro,US,44.377792,-70.8547,o3,3,0.0757405059808,0.0694066207328,-0.006333885247999993,-8.362612800085618
BETN027,BE,51.133717,5.6066594,o3,2,42.114365,58.942094999999995,16.827729999999995,39.95722124742946
"Bhopal Chauraha, Dewas - MPPCB",IN,NA,NA,no2,3,28.580192,17.66021466666667,-10.919977333333332,-38.2082014471188
"Bhopal Chauraha, Dewas - MPPCB",IN,NA,NA,o3,3,60.446494,60.139558,-0.3069360000000003,-0.50778131151825
"Bhopal Chauraha, Dewas - MPPCB",IN,NA,NA,pm25,3,64.74022666666667,36.255698333333335,-28.484528333333337,-43.998190614923196
Bronx - IS74,US,40.8147,-73.8867,pm25,3,7.368901566666667,5.7064423,-1.6624592666666667,-22.5604759627517
Cailiao,TW,25.06895,121.481026,o3,3,0.060267890049599995,0.0545651781824,-0.0057027118671999985,-9.4622723020612
CAMPO DE MARTE,PE,-12.070528,-77.04317,o3,2,10.838129,56.739899,45.90177,423.5211631085033
CARABAYLLO,PE,-11.902194,-77.03364,no2,2,21.351202,7.0127685,-14.3384335,-67.15515829038571
Caroline,CA,51.95,-114.7,o3,3,0.070309508192,0.0744307145648,0.004121206372799988,5.861520694392952
Caroline,CA,51.95,-114.7,pm25,3,4.9270721,3.2879111,-1.639161,-33.26845978162162
Carrithers Middle Sc,US,38.1825,-85.5744,o3,3,0.06013825602719999,0.055860411815999995,-0.004277844211199998,-7.113349295106208
Cataño 40,US,18.428389,-66.141655,pm25,2,4.0611112,22.789855,18.7287438,461.17288785394504
Cedar Bluff,US,38.7703,-99.7636,o3,3,0.06029250596,0.0517705662544,-0.008521939705600001,-14.134326596498962
Cedar Bluff,US,38.7703,-99.7636,pm25,3,6.2621599,2.9825429,-3.2796170000000004,-52.37197791771494
"Central University, Hyderabad - TSPCB",IN,NA,NA,no2,3,61.79612266666667,38.29552,-23.500602666666666,-38.02925111245383
"Central University, Hyderabad - TSPCB",IN,NA,NA,o3,3,55.97923266666667,38.12231766666667,-17.856915,-31.899177872498885
"Central University, Hyderabad - TSPCB",IN,NA,NA,pm25,3,62.17086666666667,32.458408,-29.71245866666667,-47.791610861679054
CH0002R,CH,46.8131,6.9444804,no2,3,17.91448,11.052554333333333,-6.861925666666668,-38.30379484454289
CH0002R,CH,46.8131,6.9444804,o3,3,44.52866133333333,62.427301,17.898639666666668,40.19577308349954
CH0002R,CH,46.8131,6.9444804,pm25,3,11.965601,9.327738366666667,-2.6378626333333326,-22.045383540144226
CH0003R,CH,47.479774,8.904676,o3,3,43.06443966666667,61.428240333333335,18.363800666666663,42.64260909652764
CH0004R,CH,47.049515,6.979209,no2,3,8.597890333333334,5.367086433333333,-3.2308039000000006,-37.57670515375652
CH0004R,CH,47.049515,6.979209,o3,3,68.97581533333333,84.29843166666667,15.322616333333343,22.214476565858757
CH0005A,CH,47.402916,8.613398,no2,3,35.21047166666666,24.656435000000002,-10.554036666666661,-29.974141688814814
CH0005A,CH,47.402916,8.613398,o3,3,31.09896966666667,51.32550633333334,20.226536666666668,65.03925012135183
CH0005A,CH,47.402916,8.613398,pm25,3,16.384011,10.089746333333334,-6.294264666666667,-38.417116948143324
CH0005R,CH,47.067387,8.463334,o3,3,66.58569,83.2598,16.67411,25.041581757281477
CH0005R,CH,47.067387,8.463334,pm25,3,7.1844941,7.357429933333333,0.17293583333333284,2.407070434275015
CH0008A,CH,47.541095999999996,7.5832734,no2,3,25.460115333333334,15.230421666666667,-10.229693666666668,-40.17929036351839
CH0008A,CH,47.541095999999996,7.5832734,o3,3,40.49241,60.013438666666666,19.521028666666666,48.20910552537294
CH0008A,CH,47.541095999999996,7.5832734,pm25,3,15.378804333333333,10.929245333333334,-4.449558999999999,-28.933062047974982
CH0010A,CH,47.377617,8.530411,no2,3,36.103719,24.512127666666668,-11.59159133333333,-32.1063637054491
CH0010A,CH,47.377617,8.530411,o3,3,34.448,54.982306,20.534306,59.609573850441244
CH0010A,CH,47.377617,8.530411,pm25,3,16.647669666666665,8.5512563,-8.096413366666665,-48.63391410797855
CH0011A,CH,46.011112,8.957173,no2,3,36.78128566666667,25.320801,-11.46048466666667,-31.158466755426183
CH0011A,CH,46.011112,8.957173,o3,3,32.044108333333334,49.47499933333333,17.430890999999995,54.396554956930444
CH0011A,CH,46.011112,8.957173,pm25,3,17.526362333333335,17.079140333333335,-0.447222,-2.5517103406531194
CH0013A,CH,47.386803,8.539807,no2,3,39.75395266666666,26.171025333333333,-13.58292733333333,-34.167488821111604
CH0013A,CH,47.386803,8.539807,o3,3,31.360014666666665,54.51739766666667,23.157383000000003,73.84366125509041
CH0017A,CH,47.565914,7.5820775,no2,3,29.308545,20.338968666666666,-8.969576333333332,-30.603963224149588
CH0017A,CH,47.565914,7.5820775,o3,3,35.302471,55.70998633333333,20.407515333333336,57.80761163526864
CH0019A,CH,47.40699,9.394312,o3,3,58.33462,80.50073,22.166110000000003,37.99820758239276
CH0021A,CH,47.37093866666667,8.523540333333333,no2,3,47.15780933333333,36.617469,-10.540340333333333,-22.351208595864378
CH0021A,CH,47.37093866666667,8.523540333333333,o3,3,27.595374,46.84381166666667,19.248437666666668,69.75240729357995
CH0022A,CH,47.067689333333334,8.300670333333333,o3,3,33.390565333333335,53.025545666666666,19.63498033333333,58.80397692378093
CH0024A,CH,46.13899,7.148330666666666,no2,3,21.523227000000002,16.85156466666667,-4.671662333333334,-21.705213318306466
CH0024A,CH,46.13899,7.148330666666666,o3,3,42.12354166666667,53.210324,11.086782333333332,26.31968228375858
CH0028A,CH,46.52201,6.6397,no2,3,38.24655933333333,28.601804,-9.644755333333329,-25.217314972768172
CH0028A,CH,46.52201,6.6397,o3,3,35.78990133333333,55.644184333333335,19.854283000000002,55.47453963363819
CH0029A,CH,47.567005,7.594708,no2,3,47.84457333333333,40.43511433333333,-7.409458999999998,-15.486519125958692
CH0031A,CH,46.951,7.4408712,no2,3,44.64291,30.483560333333333,-14.159349666666667,-31.716905700516985
CH0031A,CH,46.951,7.4408712,o3,3,25.653237,46.177576,20.524339,80.00681941230263
CH0031A,CH,46.951,7.4408712,pm25,3,17.921251333333334,10.805309133333333,-7.115942200000001,-39.70672620814388
CH0033A,CH,46.160397,8.933943,no2,3,24.918067,17.853581333333334,-7.064485666666666,-28.35085749896517
CH0033A,CH,46.160397,8.933943,o3,3,36.221082,46.17696866666667,9.955886666666665,27.486441919837358
CH0033A,CH,46.160397,8.933943,pm25,3,15.303819333333333,14.864327333333334,-0.43949199999999955,-2.8717798506856367
CH0041A,CH,46.976383,7.4787173,no2,3,26.704971999999998,20.316119333333333,-6.388852666666665,-23.923832111363627
CH0041A,CH,46.976383,7.4787173,o3,3,43.446843,55.17603,11.729186999999996,26.99663816770299
CH0043A,CH,46.025894,8.967523,no2,3,33.900128333333335,20.647581666666667,-13.252546666666667,-39.09291002192371
CH0043A,CH,46.025894,8.967523,o3,3,28.994289666666667,48.81807666666667,19.823787000000003,68.37134907564386
CH0044A,CH,47.438727,8.570118666666666,no2,3,44.510617333333336,29.703186,-14.807431333333337,-33.267189314501536
CH0044A,CH,47.438727,8.570118666666666,o3,3,26.749879666666665,44.06351866666667,17.313639000000002,64.72417527012179
CH0046A,CH,46.195602,6.2112484,no2,3,29.262975666666666,19.024242,-10.238733666666665,-34.98869623956105
CH0046A,CH,46.195602,6.2112484,o3,3,35.14683266666667,54.746265666666666,19.599432999999998,55.76443597601368
CH0050A,CH,46.231094,6.0741744,no2,3,23.79516,11.717341333333334,-12.077818666666666,-50.75745936008275
CH0050A,CH,46.231094,6.0741744,o3,3,38.589731,56.46159166666667,17.87186066666667,46.31247796639648
CH0051A,CH,46.16257,6.0051837,no2,3,16.299827999999998,8.355182133333333,-7.944645866666665,-48.74067300996468
CH0051A,CH,46.16257,6.0051837,o3,3,44.104311,62.38379033333333,18.279479333333327,41.44601495607386
Chaco Culture Nation,US,36.035,-107.90417,no2,2,0.0020245908815132,0.001992730349696,-3.186053181719996e-5,-1.5736775319953569
Chanute,US,37.67696,-95.47594,no2,3,0.006414198792605933,0.0052840661031704666,-0.001130132689435466,-17.619233921128917
Chelmsford,US,42.6267,-71.3622,o3,3,0.070683523968,0.06389110522079999,-0.006792418747200005,-9.609620977973712
CHI_TAFT,US,41.9844,-87.7919,o3,2,0.06299262416399999,0.043428742296,-0.01956388186799999,-31.05741684465443
CTCLUSI Radar Hill-O,US,43.381943,-124.263885,pm25,2,5.682951,3.95290315,-1.73004785,-30.442772601769754
CZ0APRU,CZ,50.062294,14.537812,no2,3,32.811104,30.87260566666667,-1.9384983333333317,-5.908055801271824
CZ0CKOC,CZ,49.467245000000005,13.838241333333333,o3,3,62.61030533333333,72.17114333333333,9.560838000000004,15.270390312103899
CZ0JKOS,CZ,49.57339375,15.0802805,pm25,3,14.109247333333334,11.1918379,-2.9174094333333347,-20.677286069263992
CZ0KSOM,CZ,50.172825,12.67281425,pm25,3,15.233801766666666,10.283714533333333,-4.950087233333333,-32.49410297674151
CZ0LLIL,CZ,50.7551,15.069967,pm25,3,19.700205,15.116506333333332,-4.583698666666669,-23.267263800892778
CZ0SROR,CZ,50.301983,15.178303,no2,3,11.327723166666667,8.961395166666668,-2.3663279999999993,-20.889705417265443
CZ0SROR,CZ,50.301983,15.178303,pm25,3,29.50602466666667,17.408718,-12.097306666666668,-40.99944605663246
CZ0TBKR,CZ,49.5026123076923,18.53855353846154,no2,3,6.716521833333333,4.007047099999999,-2.7094747333333338,-40.34044406565492
CZ0TCTN,CZ,49.74895607692307,18.609736153846153,pm25,3,32.58946533333334,20.667381,-11.922084333333338,-36.58263248995105
CZ0TFMI,CZ,49.67179230769231,18.351066076923075,pm25,3,29.204149666666666,18.153,-11.051149666666667,-37.84102530908593
CZ0THAR,CZ,49.7909815,18.406836666666663,pm25,3,33.60894733333333,20.174283666666668,-13.434663666666665,-39.97347353197871
CZ0TKAR,CZ,49.8637945,18.55145675,pm25,3,32.90383533333333,19.163181,-13.740654333333332,-41.7600385916511
CZ0TOCB,CZ,49.83985307692308,18.289974153846153,pm25,3,36.191893,17.905729666666666,-18.286163333333334,-50.52557856902742
CZ0TOPR,CZ,49.85626046153846,18.269744461538462,pm25,3,34.91610333333333,20.608202000000002,-14.30790133333333,-40.97794417876526
CZ0TOVK,CZ,49.94524325,17.909530750000002,pm25,3,27.183484333333332,15.300322333333332,-11.883162,-43.71463883836427
CZ0TOZR,CZ,49.79604166666667,18.247185,pm25,3,30.720287666666668,16.63459,-14.085697666666668,-45.85145106551357
CZ0TSTD,CZ,49.720942,18.08930075,pm25,3,30.979521666666667,18.905214,-12.074307666666666,-38.975126202992264
CZ0TTRO,CZ,49.66811930769231,18.677793076923077,pm25,3,28.679793666666665,18.582045333333333,-10.097748333333332,-35.20858082416934
CZ0TVER,CZ,49.924677,18.422862846153844,pm25,3,46.92400733333333,26.563809333333335,-20.360197999999993,-43.389725552141314
CZ0ZTNV,CZ,49.25939,17.41056,pm25,3,24.259697,13.778084,-10.481613,-43.205869389052964
CZ0ZVMZ,CZ,49.467149166666665,17.966984,pm25,3,29.935036666666665,17.713252666666666,-12.221784,-40.82769009469506
CZ0ZZLN,CZ,49.23290125,17.66717275,pm25,3,26.620233,15.672449333333335,-10.947783666666664,-41.12579956256079
Davey,US,40.984925,-96.6723875,o3,3,0.062970690312,0.0516990710912,-0.011271619220800007,-17.899786654636742
DEBY012,DE,48.177174,12.829314,o3,2,31.218958,45.358222999999995,14.139264999999995,45.290637182701595
DEBY053,DE,49.44591,11.088444,pm25,2,13.869420999999999,8.67197615,-5.197444849999998,-37.47412995827295
DEBY079,DE,47.723186,12.858856,no2,2,12.4523856,8.535488749999999,-3.9168968500000005,-31.454991644331997
DETH081,DE,50.972332,11.010446,no2,2,11.2105783,9.8962872,-1.3142911000000002,-11.723669063530826
DETH081,DE,50.972332,11.010446,pm25,2,11.074462,6.7518195,-4.322642500000001,-39.03252817157168
"Din Daeng, Din Daeng",TH,13.775373,100.56893,o3,2,0.045032646266399995,0.0457684575528,7.358112864000038e-4,1.633950805482669
DK0031R,DK,56.29038,8.427402,no2,3,1.4131538866666666,2.4344106666666665,1.0212567799999999,72.26791007233686
Downtown Sacramento,US,38.56844,-121.49311,no2,3,0.015341456654275332,0.016542412793599966,0.0012009561393246347,7.828175422898674
Duncan,CA,45.502637812500005,-73.664046875,o3,3,0.048514454432,0.05084599656,0.0023315421280000054,4.805871065226546
"East Arjun Nagar, Delhi - CPCB",IN,28.6557685,77.290422,no2,1,88.69626,50.33674,-38.359519999999996,-43.24818205412494
"East Arjun Nagar, Delhi - CPCB",IN,28.6557685,77.290422,o3,1,33.781227,31.317091,-2.464136,-7.294394605619268
EME F,CL,-28.466423,-71.22156,pm25,2,8.893967499999999,13.9585395,5.064572000000002,56.94390045837252
ES0001R,ES,39.54694,-4.35056,no2,2,1.0521146300000002,1.1785274000000001,0.12641276999999995,12.015113790405133
ES0001R,ES,39.54694,-4.35056,o3,2,88.143468,72.84512000000001,-15.29834799999999,-17.356190251102884
ES0006R,ES,39.87528,4.31639,o3,2,89.180955,80.67054,-8.510414999999995,-9.542861477543042
ES0008R,ES,43.43917,-4.85,o3,2,84.35489,75.12634,-9.228549999999998,-10.940148223772207
ES0009R,ES,41.27417,-3.1425,no2,2,2.39195535,2.0897712999999998,-0.30218405000000015,-12.63334827717416
ES0009R,ES,41.27417,-3.1425,o3,2,76.92916199999999,68.27233,-8.656831999999994,-11.252991420860656
ES0011R,ES,38.47278,-6.92361,no2,2,1.61614145,1.326504,-0.2896374500000001,-17.92154084037632
ES0011R,ES,38.47278,-6.92361,o3,2,65.07091,53.73242,-11.33849,-17.424821629204203
ES0041A,ES,43.261112,-2.9447222,no2,2,39.694655,28.532753999999997,-11.161901,-28.119405496785397
ES0712A,ES,36.17538,-5.48083,no2,2,16.709044499999997,13.457793500000001,-3.2512509999999963,-19.458030649209157
ES0880A,ES,43.5519,-5.918,pm25,2,9.981569499999999,12.087246,2.1056765000000013,21.095645329123858
ES0892A,ES,37.19977,-6.92027,o3,2,65.70902,69.0105985,3.301578500000005,5.024543814532625
ES0894A,ES,36.20442,-5.40471,no2,2,9.862536500000001,8.413840350000001,-1.44869615,-14.688879985387123
ES0926A,ES,38.10814,-4.9268,no2,2,3.2447345,2.1291958,-1.1155386999999997,-34.37996853055311
ES1090A,ES,41.67417,-0.86417,no2,2,31.809081999999997,25.2691705,-6.539911499999995,-20.55988758179188
ES1096A,ES,42.351944,-7.8769445,no2,2,31.832584999999998,23.782938,-8.049646999999997,-25.287443668178366
ES1096A,ES,42.351944,-7.8769445,pm25,2,14.573722499999999,10.376354500000001,-4.197367999999997,-28.800932637491883
ES1137A,ES,42.219166,-8.741944,no2,2,38.035444,23.002345,-15.033099,-39.52392142444821
ES1137A,ES,42.219166,-8.741944,pm25,2,14.100603,11.33648375,-2.7641192500000002,-19.60284428970875
ES1181A,ES,39.48111,-0.44722223,no2,2,35.964318500000005,24.048539,-11.915779500000003,-33.132226598426996
ES1181A,ES,39.48111,-0.44722223,pm25,2,17.9442075,13.754269999999998,-4.189937500000003,-23.349805222660308
ES1182A,ES,38.966667,-0.19,no2,2,17.877308,10.689604,-7.187704,-40.20574014834896
ES1185A,ES,39.66722,-0.23472223,no2,2,27.201709,12.461185,-14.740524,-54.189698154626974
ES1239A,ES,39.456112,-0.37583333,no2,2,43.659363,26.151162,-17.508201,-40.10182420664268
ES1239A,ES,39.456112,-0.37583333,pm25,2,26.7631725,12.593098,-14.1700745,-52.94616884451946
ES1262A,ES,41.561176,2.1014051,no2,2,36.5849875,29.936882500000003,-6.648104999999994,-18.171674925404837
ES1269A,ES,43.36653,-5.83303,pm25,2,19.443474000000002,14.464267500000002,-4.9792065,-25.60862580421585
ES1277A,ES,38.68065,-4.10832,no2,2,21.6456225,13.905358,-7.740264500000002,-35.759029337225115
ES1277A,ES,38.68065,-4.10832,pm25,2,19.452783500000002,15.2021465,-4.250637000000003,-21.851047691966563
ES1278A,ES,38.68925,-4.11151,no2,2,24.7413855,17.575294,-7.1660915,-28.963986273121208
ES1279A,ES,38.68198,-4.08858,no2,2,14.262057500000001,8.51966885,-5.7423886500000005,-40.26339572673859
ES1328A,ES,37.25258,-6.94219,no2,2,17.224656500000002,13.5281345,-3.6965220000000016,-21.4606427710184
ES1353A,ES,43.294117,-5.679632,pm25,2,15.634970500000001,11.429274,-4.205696500000002,-26.89929283844828
ES1365A,ES,38.70272,-4.112,no2,2,15.149602999999999,10.625531500000001,-4.524071499999998,-29.86264062497214
ES1386A,ES,40.01278,-0.05722222,no2,2,17.728507999999998,15.844717500000002,-1.8837904999999964,-10.625770087364355
ES1386A,ES,40.01278,-0.05722222,o3,2,78.03675000000001,65.549697,-12.487053000000017,-16.001503137944642
ES1386A,ES,40.01278,-0.05722222,pm25,2,6.94712285,11.777726,4.830603149999999,69.53386681509453
ES1387A,ES,39.962776,-0.23333333,no2,2,9.40692575,13.298653999999999,3.89172825,41.37088304327266
ES1426A,ES,40.408054,-3.6452777,no2,2,51.469932,40.364844000000005,-11.105087999999995,-21.57587462909412
ES1428A,ES,39.959167,-0.03611111,no2,2,30.076943,26.5587025,-3.518240500000001,-11.6974670597341
ES1435A,ES,40.416668,-0.24916665,no2,2,9.56748275,5.2328909,-4.33459185,-45.30545769732378
ES1437A,ES,40.691666,0.08472222,no2,2,4.4006065,4.03547565,-0.3651308499999999,-8.297284703824346
ES1441A,ES,40.637222,-0.09111111,no2,2,4.7717301,3.4923101,-1.27942,-26.812497211441194
ES1445A,ES,39.981945,0.01055555,no2,2,27.4973065,11.934020499999999,-15.563286000000002,-56.5993109179621
ES1472A,ES,42.80722,-1.65139,no2,2,34.846288,24.700421,-10.145867000000003,-29.116062520059533
ES1535A,ES,38.97928,-1.85213,no2,2,19.8551545,10.9370455,-8.918109000000001,-44.91583784956194
ES1535A,ES,38.97928,-1.85213,pm25,2,10.058042,12.962197,2.9041549999999994,28.873959762745066
ES1536A,ES,40.57099,-3.26461,no2,2,14.908560999999999,20.066208,5.157647000000001,34.59520338683258
ES1537A,ES,40.62984,-3.17159,no2,2,11.7050985,19.7005445,7.995445999999999,68.30737904512294
ES1542A,ES,40.55472,0.37277776,no2,2,7.568770499999999,4.8146272,-2.754143299999999,-36.388252226699166
ES1543A,ES,40.735,-0.16944444,no2,2,8.61943175,3.219023,-5.40040875,-62.6538837667576
ES1543A,ES,40.735,-0.16944444,pm25,2,7.669409,5.8213542,-1.8480547999999999,-24.096443415653017
ES1563A,ES,40.47917,-3.37778,pm25,2,14.5741355,14.991284,0.4171484999999997,2.8622521040784865
ES1567A,ES,40.33972,-3.73583,pm25,2,14.019101000000001,15.9070675,1.8879664999999992,13.467101064469105
ES1593A,ES,36.46059,-6.20307,no2,2,9.05957465,10.052613999999998,0.9930393499999983,10.961213835795242
ES1598A,ES,43.213055,-3.1344445,pm25,2,9.927966,10.693332999999999,0.7653669999999995,7.709202469065662
ES1602A,ES,42.46389,-2.42778,no2,2,27.0370045,18.6896855,-8.347318999999999,-30.87368277058947
ES1610A,ES,39.57008,2.65583,no2,2,35.273635,28.271723,-7.001911999999997,-19.85027060579381
ES1610A,ES,39.57008,2.65583,o3,2,56.1916865,52.1434215,-4.048265000000001,-7.204384228617165
ES1616A,ES,39.84917,-5.93972,no2,2,2.5076712,2.01155465,-0.49611655,-19.78395532875283
ES1617A,ES,39.15,-0.45777777,no2,2,15.652098500000001,9.6370065,-6.015092000000001,-38.42993960202845
ES1619A,ES,39.478054,-0.36833334,no2,2,31.207644000000002,23.883333999999998,-7.324310000000004,-23.46960251148726
ES1619A,ES,39.478054,-0.36833334,o3,2,58.698288500000004,40.858083,-17.840205500000003,-30.393059075308475
ES1623A,ES,38.70639,-0.46694443,no2,2,14.018497,7.87100665,-6.14749035,-43.85270653480184
ES1624A,ES,38.24222,-0.68277776,no2,2,17.921544,11.0646635,-6.856880500000001,-38.260545519961894
ES1625A,ES,39.509445,-0.41777778,no2,2,30.334556499999998,18.712925000000002,-11.621631499999996,-38.31152599841042
ES1631A,ES,41.645557,-4.7302775,pm25,2,11.6886935,12.293918999999999,0.6052254999999995,5.17787124797138
ES1635A,ES,38.359444,-0.47194445,no2,2,32.706983,22.355852,-10.351131000000002,-31.64807649791484
ES1642A,ES,41.935665,2.2385683,o3,2,45.3273715,39.528456,-5.7989155,-12.79340784188203
ES1648A,ES,36.23386,-5.6635,no2,2,5.308661150000001,5.7326178500000005,0.42395669999999974,7.986132247299296
ES1649A,ES,42.17583,-1.74333,no2,2,10.546059,9.19402685,-1.3520321499999994,-12.820259681839438
ES1649A,ES,42.17583,-1.74333,pm25,2,11.738914999999999,8.477729799999999,-3.2611852,-27.78097635088081
ES1654A,ES,37.99435,-5.66687,no2,2,3.6604672999999996,3.0489124,-0.6115548999999998,-16.707017161442746
ES1661A,ES,42.07472,-1.62694,no2,2,11.6448665,8.30514485,-3.3397216499999995,-28.67977619150893
ES1662A,ES,42.30833,-1.80833,no2,2,7.6557055,8.98094925,1.3252437500000003,17.31053721959394
ES1670A,ES,39.558613,-1.2813889,no2,2,8.9034565,3.76572105,-5.137735450000001,-57.704953688491656
ES1670A,ES,39.558613,-1.2813889,pm25,2,9.846847,7.9760670000000005,-1.8707799999999999,-18.998771891144443
ES1671A,ES,39.708057,-0.83194447,no2,2,7.569412999999999,6.796912600000001,-0.7725003999999984,-10.205552266734534
ES1671A,ES,39.708057,-0.83194447,pm25,2,11.350538499999999,12.3204,0.9698615000000004,8.54462984289248
ES1675A,ES,38.57139,-0.14666666,no2,2,9.754482,8.8458765,-0.9086055000000002,-9.314748850835956
ES1677A,ES,38.08472,-0.8527778,no2,2,8.3879285,10.082404,1.6944755000000011,20.20135841644336
ES1677A,ES,38.08472,-0.8527778,o3,2,64.40815,54.385963,-10.02218700000001,-15.560432957630374
ES1685A,ES,40.051945,-0.18972223,no2,2,26.1189695,18.9406665,-7.178303,-27.483101888839833
ES1685A,ES,40.051945,-0.18972223,pm25,2,8.739421499999999,10.884473,2.145051500000001,24.544547942904472
ES1687A,ES,40.06222,0.07277777,no2,2,23.6196835,21.218255,-2.4014285000000015,-10.167064685688958
ES1687A,ES,40.06222,0.07277777,pm25,2,6.87872275,6.658116,-0.22060674999999996,-3.2070888450911905
ES1688A,ES,39.892223,-0.065,no2,2,17.252817,15.258825999999999,-1.9939910000000012,-11.55748072908906
ES1688A,ES,39.892223,-0.065,pm25,2,7.1557015,6.578249,-0.5774525000000006,-8.06982376221256
ES1689A,ES,40.054165,-0.46833333,no2,2,4.3055915,5.8466468,1.5410553,35.791953323950956
ES1690A,ES,40.269444,-0.07888888,no2,1,6.965587,8.432507,1.4669199999999991,21.05953166617543
ES1691A,ES,39.930557,-0.60333335,no2,2,8.22455125,6.91182275,-1.3127284999999995,-15.961095749752907
ES1691A,ES,39.930557,-0.60333335,pm25,2,8.079426,8.38979,0.31036399999999986,3.841411506213435
ES1709A,ES,38.934723,-0.44138888,no2,1,9.299363,5.084507,-4.214855999999999,-45.32413671775152
ES1711A,ES,38.788055,-0.69722223,no2,2,3.19284705,3.1503821,-0.04246495000000028,-1.3300026382410104
ES1711A,ES,38.788055,-0.69722223,pm25,2,7.32459965,4.30560905,-3.0189905999999995,-41.2171414720257
ES1740A,ES,42.81222,-1.64,no2,2,39.025583499999996,29.386599500000003,-9.638983999999994,-24.699141269726294
ES1746A,ES,42.34167,-2.23167,no2,2,6.902520000000001,6.91508915,0.01256914999999914,0.18209508990918014
ES1747A,ES,42.82694,-1.64944,no2,2,24.13165,19.932742,-4.198907999999999,-17.400003729541904
ES1749A,ES,42.89444,-2.16583,no2,2,18.870837,13.9816885,-4.889148500000001,-25.90848778991626
ES1753A,ES,42.34,-2.05972,no2,2,8.52648,8.1312278,-0.39525219999999983,-4.635584672690253
ES1755A,ES,42.58056,-1.2825,no2,2,9.869494499999998,7.8426428,-2.026851699999998,-20.536530011744762
ES1765A,ES,39.684723,-0.27888888,no2,2,20.456892500000002,13.281991000000001,-7.174901500000001,-35.07327175913937
ES1778A,ES,41.779343,2.3580189,no2,2,2.6176545,3.51392245,0.8962679499999999,34.23935244318912
ES1779A,ES,42.43889,-2.25028,no2,2,10.9442265,8.374878800000001,-2.569347699999998,-23.47674090992176
ES1793A,ES,37.10409,-6.73408,no2,1,2.5614035,5.2173915,2.655988,103.69268254689274
ES1818A,ES,39.86806,-4.02083,no2,2,25.9809645,19.5442105,-6.4367540000000005,-24.774884704530507
ES1818A,ES,39.86806,-4.02083,pm25,2,13.68660275,15.517447,1.8308442500000002,13.376907940138762
ES1825A,ES,38.99323,1.30894,no2,2,2.5873046,3.39600785,0.8087032500000002,31.256592285268624
ES1825A,ES,38.99323,1.30894,o3,2,81.449915,76.146895,-5.303020000000004,-6.510774136473935
ES1826A,ES,39.551388,-0.46083334,no2,2,23.6763665,15.5510035,-8.125363,-34.31845422734101
ES1828A,ES,40.00944,3.85648,no2,2,5.7766876499999995,6.2879355,0.5112478500000002,8.850190298933684
ES1828A,ES,40.00944,3.85648,o3,2,70.782685,81.14362750000001,10.360942500000007,14.63767939857044
ES1834A,ES,39.988888,-0.02611111,no2,2,28.806143,16.6614295,-12.144713499999998,-42.16015139548533
ES1836A,ES,41.64222,-0.86194,no2,2,30.600209,31.7653005,1.165091499999999,3.807462556873383
ES1837A,ES,41.64833,-0.88389,no2,2,22.3128025,21.5055785,-0.8072240000000015,-3.617761596733541
ES1849A,ES,38.259167,-0.7175,no2,2,25.545161,16.899405,-8.645755999999999,-33.844985357500775
ES1854A,ES,41.008213,0.8310847,no2,2,2.9222276000000003,3.59481685,0.6725892499999997,23.016319810270755
ES1855A,ES,41.009506,0.91287583,no2,2,9.912766000000001,5.746212,-4.166554000000001,-42.03220372598325
ES1857A,ES,38.99389,-3.93778,no2,2,22.9164925,8.4228743,-14.4936182,-63.245360082918445
ES1858A,ES,40.06185,-2.12972,no2,2,35.00198,24.606973,-10.395007000000003,-29.69833992248439
ES1859A,ES,39.95856,-4.8457,no2,2,20.044277,12.75767775,-7.286599250000002,-36.35251722973097
ES1867A,ES,43.480556,-8.241389,no2,2,17.144299,9.821893,-7.322406000000001,-42.710442695848926
ES1867A,ES,43.480556,-8.241389,pm25,2,9.853169000000001,10.1492635,0.2960944999999988,3.005068724590015
ES1868A,ES,42.87583,-8.559167,no2,2,15.609481500000001,7.90873365,-7.700747850000001,-49.33378376469456
ES1868A,ES,42.87583,-8.559167,pm25,2,11.5594195,11.608066999999998,0.048647499999997734,0.420847257944032
ES1869A,ES,40.43,-3.54583,pm25,2,14.998911499999998,15.5753625,0.5764510000000023,3.8432855610888987
ES1877A,ES,39.94528,-0.05638888,no2,2,35.5814455,28.562444499999998,-7.019001000000003,-19.726576313489012
ES1877A,ES,39.94528,-0.05638888,pm25,2,7.503433599999999,7.9694176,0.4659840000000006,6.210276852453264
ES1878A,ES,37.0161,-6.57042,no2,2,6.5503032,3.4279411,-3.1223621,-47.66744385206474
ES1884A,ES,39.634167,-0.26583332,no2,2,23.9558065,17.079985,-6.875821500000001,-28.70210819243343
ES1884A,ES,39.634167,-0.26583332,pm25,2,9.7649663,12.231573000000001,2.4666067000000016,25.25975640079784
ES1885A,ES,39.480278,-0.3363889,no2,2,27.278455,14.874770000000002,-12.403685,-45.47062874345339
ES1885A,ES,39.480278,-0.3363889,pm25,2,18.2929125,13.910168500000001,-4.382743999999999,-23.958699851650188
ES1886A,ES,39.427223,-0.7838889,no2,2,19.684415,12.938551,-6.745864000000001,-34.27007609827369
ES1886A,ES,39.427223,-0.7838889,pm25,2,8.947892,9.3107765,0.36288449999999983,4.055530621066949
ES1901A,ES,42.88778,-8.530833,no2,2,29.760546500000004,13.2390915,-16.521455000000003,-55.51462235412915
ES1901A,ES,42.88778,-8.530833,pm25,2,17.811321500000002,12.0775595,-5.733762000000002,-32.19167089875955
ES1905A,ES,42.998055,-7.55,no2,2,19.4620505,11.239629,-8.2224215,-42.24848507098468
ES1905A,ES,42.998055,-7.55,pm25,2,13.913166499999999,13.576369,-0.3367974999999994,-2.42071062687275
ES1911A,ES,39.705276,-0.33666667,no2,2,10.215595,7.427674,-2.7879210000000008,-27.29083327990196
ES1911A,ES,39.705276,-0.33666667,pm25,2,5.176144900000001,7.953851,2.7777060999999996,53.663607832926
ES1912A,ES,39.4575,-0.34277776,no2,2,36.964247,20.309927000000002,-16.65432,-45.055212405652405
ES1912A,ES,39.4575,-0.34277776,pm25,2,15.2488365,11.31017565,-3.9386608499999998,-25.829254907415393
ES1913A,ES,38.451668,-1.0647222,no2,2,2.468064,4.14122545,1.6731614500000003,67.79246607867545
ES1914A,ES,38.454723,-0.80333334,no2,2,5.8370065,7.5123755,1.6753689999999999,28.702537850523207
ES1914A,ES,38.454723,-0.80333334,pm25,2,11.638489,10.7220925,-0.9163964999999994,-7.873844276520769
ES1924A,ES,37.16568,-3.6001,no2,2,25.62605,42.817569500000005,17.191519500000005,67.08610769119706
ES1930A,ES,40.902695,0.80979544,no2,2,6.636219199999999,4.412758,-2.223461199999999,-33.50493907735898
ES1943A,ES,40.384724,-3.718611,no2,2,76.01268999999999,46.641723999999996,-29.370965999999996,-38.639556105697615
ES1948A,ES,40.939552,0.831337,no2,2,3.7624940000000002,3.0409091000000004,-0.7215848999999999,-19.178366796066644
ES1956A,ES,28.645395,-17.771555,o3,2,63.678199500000005,54.65674,-9.021459500000006,-14.1672653605729
ES1963A,ES,40.11922,-3.83279,no2,2,20.9165385,15.10401,-5.812528500000001,-27.789151154240937
ES1968A,ES,38.351112,-0.5138889,no2,2,17.824884,13.0506265,-4.774257500000001,-26.784227600022536
ES1968A,ES,38.351112,-0.5138889,pm25,2,6.20804575,7.8722578,1.6642120499999997,26.80734190787817
ES1970A,ES,39.45028,-0.3963889,no2,2,48.0173,24.4650945,-23.5522055,-49.04941656444656
ES2000A,ES,28.457954,-16.26333,o3,2,65.0913375,56.56156250000001,-8.529774999999987,-13.10431668422851
ES2000A,ES,28.457954,-16.26333,pm25,2,11.1464775,54.386154,43.2396765,387.92234138542875
ES2002A,ES,28.52722,-14.00444,o3,2,73.73028500000001,81.76041799999999,8.030132999999978,10.891227397262844
ES2007A,ES,37.574444,-0.9266667,o3,2,49.7909825,38.1162905,-11.674692,-23.447402348407167
ES2008A,ES,37.99111,-0.69,no2,2,16.593787,11.85473,-4.739056999999999,-28.55922520880857
ES2014A,ES,42.06167,-7.4085417,no2,2,1.83842705,1.2977064999999999,-0.5407205500000001,-29.41212978779876
ES2014A,ES,42.06167,-7.4085417,pm25,2,7.84283125,7.6627281499999995,-0.18010310000000018,-2.296404120642022
ES2015A,ES,42.181427,-8.523931,no2,2,13.196749,8.229599499999999,-4.967149500000001,-37.639190530940624
ES2018A,ES,39.782223,-0.35916665,no2,2,7.79308135,7.49433025,-0.2987510999999996,-3.833542684627559
ES2018A,ES,39.782223,-0.35916665,pm25,2,8.36510515,7.2305648,-1.13454035,-13.562774521728516
ES2019A,ES,39.564724,-0.6255556,no2,1,9.18107,12.4487705,3.2677005,35.59171752312095
ES2019A,ES,39.564724,-0.6255556,pm25,1,8.134454,6.455645,-1.6788090000000002,-20.638250582030462
ES2028A,ES,40.31285,-3.71724,pm25,2,14.688846,11.8812255,-2.8076205000000005,-19.11396239023815
ES2055A,ES,39.42528,-0.4825,o3,1,55.904762,38.554054,-17.350707999999997,-31.036189725662368
ES2061A,ES,42.71648,-8.644105,no2,2,28.2365025,16.387722,-11.8487805,-41.96263506785233
ES2061A,ES,42.71648,-8.644105,pm25,2,15.651552500000001,11.1790555,-4.472497000000001,-28.575420872785624
ES2063A,ES,42.2224,-8.711082,no2,2,28.991371,13.319749999999999,-15.671621000000002,-54.05615691648388
ES2065A,ES,39.830235,2.9007194,o3,2,86.73164,78.393345,-8.338295000000002,-9.613902146898182
ES2068A,ES,43.0819,-1.9127,no2,2,5.585335,3.8954994999999997,-1.6898355,-30.25486385328723
Estación T21,MX,21.108683,-101.68863,o3,2,0.048587614716,0.04881719721359999,2.2958249759999494e-4,0.47251238601015944
FAB,US,39.9603,-75.1424,pm25,2,8.707782,7.3284373,-1.3793446999999999,-15.840367845681023
FI00280,FI,61.05748,28.24585,pm25,3,6.1173683,3.5231838,-2.5941845,-42.406871268483215
FI00370,FI,60.28995,25.03953,pm25,3,6.0771026,4.593807433333334,-1.4832951666666663,-24.407933587737457
FI00425,FI,60.18739,24.9506,pm25,3,5.368899866666666,4.2386956,-1.1302042666666665,-21.050947023311963
FI00446,FI,65.00997,25.47132,pm25,3,5.301740966666666,3.9901657,-1.3115752666666665,-24.738576911110123
FI00801,FI,61.4991,23.80221,pm25,3,4.615117566666667,3.2549971666666666,-1.3601204000000005,-29.47098054064019
Fiumicino Villa Guglielmi,IT,41.76819,12.237048,o3,2,51.5166,51.668429,0.15182900000000643,0.2947185955595021
Flat Valley,CA,54.29464,-109.20921,o3,2,0.07764804369839999,0.071057577372,-0.0065904663263999935,-8.4876141271487
Foley West,US,39.045856,-90.84919,o3,3,0.0726435344224,0.0668674283232,-0.0057761060991999985,-7.951301027857075
FR01011,FR,49.11943173684211,6.180831905263157,no2,3,23.197744,16.441458666666666,-6.756285333333334,-29.124751671254472
FR01011,FR,49.11943173684211,6.180831905263157,pm25,3,15.067634,10.681215566666667,-4.386418433333333,-29.111527618293177
FR01012,FR,49.110265,6.2233384,no2,3,20.462155,14.129599666666666,-6.3325553333333335,-30.947646195297292
FR01018,FR,49.10749369230769,6.122773615384615,no2,3,17.86272866666667,11.364546333333333,-6.498182333333336,-36.37844169608579
FR01064,FR,49.125072,6.1812177,no2,3,32.337682,20.340116,-11.997566000000003,-37.10088434910085
FR03071,FR,43.131046,5.924237,pm25,3,10.733961666666668,9.381832000000001,-1.3521296666666665,-12.596743948374447
FR04012,FR,48.827779,2.3274995,no2,2,70.184033,34.702114,-35.481919,-50.55554302500684
FR04029,FR,48.79915692307692,2.1305534384615386,no2,3,24.697876666666666,14.772858666666666,-9.925018,-40.18571367066237
FR04038,FR,48.58193846153846,1.8833350769230768,no2,3,9.212632,6.283772033333333,-2.928859966666666,-31.791782920089133
FR04058,FR,48.92527,2.3566672,pm25,3,18.790429,13.575371333333333,-5.215057666666667,-27.753797780064875
FR04150,FR,48.89138,2.240558666666667,no2,3,35.397505333333335,23.25516766666667,-12.142337666666666,-34.30280623542246
FR04156,FR,48.902485999999996,2.452499733333333,no2,3,35.49707733333334,21.847140333333332,-13.649937000000005,-38.453692600720416
FR04156,FR,48.902485999999996,2.452499733333333,pm25,3,13.158978333333334,11.783746333333333,-1.3752320000000005,-10.450902533340042
FR04329,FR,48.83860738461538,2.4127834615384613,pm25,3,18.495600333333332,13.28272,-5.212880333333333,-28.184434348630045
FR05078,FR,49.49830133333334,0.14270624,no2,3,19.158901666666665,14.632930166666666,-4.525971499999999,-23.623334879756936
FR05087,FR,49.498295,0.758833,no2,3,8.789965333333333,6.153927333333333,-2.636038,-29.989174018737124
FR05089,FR,49.50017523076923,0.11090321461538462,pm25,3,11.026624666666667,10.165630333333333,-0.8609943333333341,-7.808321760838637
FR05090,FR,49.514694,0.100645445,no2,3,11.726963666666666,8.2452332,-3.481730466666667,-29.68995697124328
FR08020,FR,43.675753692307694,4.088421515384615,no2,3,12.234901,10.294175666666668,-1.940725333333333,-15.862207085560668
FR09106,FR,45.65146,0.1623669,no2,3,30.80472,19.677436666666665,-11.127283333333335,-36.12200770964103
FR09203,FR,46.16163,-1.211206,pm25,3,12.589879999999999,11.467793499999999,-1.1220865,-8.912606792121927
FR09404,FR,46.58390231578947,0.3455557452631579,no2,3,22.210580666666665,14.788691333333334,-7.421889333333331,-33.41600764392441
FR09404,FR,46.58390231578947,0.3455557452631579,pm25,3,12.009280333333333,11.456333666666666,-0.5529466666666671,-4.604328080608553
FR11034,FR,50.70654815384615,3.1806541538461537,no2,3,34.028722,26.009562666666667,-8.019159333333334,-23.5658551424098
FR14011,FR,49.250713,4.0230603,no2,3,48.589149666666664,26.223725666666667,-22.365423999999997,-46.029667432816225
FR14012,FR,49.224150900000005,4.0205543200000005,no2,3,19.808915,13.270884,-6.538030999999998,-33.00549777713721
FR14029,FR,48.726612,4.594784,no2,3,13.521482666666666,9.4611357,-4.060346966666666,-30.028859014672154
FR14033,FR,48.2949866,4.0502787,no2,3,16.413250333333334,12.533958333333333,-3.8792920000000013,-23.63512358135199
FR14042,FR,48.6458388,4.966111489999999,no2,3,12.886332666666666,9.383234999999999,-3.503097666666667,-27.18459749008498
FR14051,FR,49.74528253846154,4.7191652,no2,3,18.772944666666668,12.199009,-6.573935666666667,-35.018137982047
FR16031,FR,48.85729,7.31417316,o3,3,60.58039266666667,70.22123666666667,9.640844000000001,15.9141325693399
FR16034,FR,48.59043,7.7449856666666665,no2,3,46.246116,30.38869533333333,-15.85742066666667,-34.28919450590547
FR16038,FR,48.57035530769231,7.766330792307692,no2,3,27.619834666666666,19.049403,-8.570431666666664,-31.02998902817472
FR16057,FR,47.757455,7.347294,no2,3,24.86926233333333,18.485379666666667,-6.383882666666665,-25.669770904744833
FR16069,FR,47.74768,7.321368,no2,3,37.26819066666667,27.130172333333334,-10.138018333333335,-27.20287234765319
FR18089,FR,49.435950818181816,2.0842895454545456,pm25,2,15.756633999999998,8.510551750000001,-7.246082249999997,-45.98750120108138
FR19002,FR,48.108685692307695,-1.6657938461538462,pm25,3,13.297390333333334,10.817972766666667,-2.479417566666667,-18.645895957881063
FR20019,FR,45.758358666666666,4.886214666666667,no2,3,46.62898366666667,34.55460766666667,-12.074376000000001,-25.894572539507276
FR20046,FR,45.778906250000006,4.9246995625,pm25,3,12.002737666666667,13.230426166666668,1.227688500000001,10.228404003275596
FR21001,FR,49.19222,-0.391183356,pm25,3,10.779090666666667,9.4087188,-1.370371866666666,-12.713241859115382
FR21016,FR,49.17525933333333,-0.35361101333333333,no2,3,27.381094,17.30670333333333,-10.07439066666667,-36.793236481590796
FR21019,FR,49.151687307692306,-0.35277820769230767,no2,3,16.858536666666666,11.945805333333334,-4.912731333333332,-29.1409119929547
FR21031,FR,48.445544,0.11083316615384615,no2,3,10.276261,8.3026597,-1.9736013000000003,-19.205441551163407
FR21050,FR,48.64500654545454,-0.45833304090909094,pm25,2,9.589566000000001,7.341801499999999,-2.2477645000000024,-23.439689554250965
FR21060,FR,49.11719,-0.16966571,pm25,3,11.646847333333334,11.379484533333335,-0.267362799999999,-2.295580875648686
FR22011,FR,49.158397666666666,6.7316616,no2,3,17.185237,12.345213333333334,-4.840023666666667,-28.163845902542207
FR23068,FR,47.24746333333333,-1.9366163333333333,no2,3,5.483713466666667,4.064654366666667,-1.4190591000000001,-25.877703286758162
FR23075,FR,47.315719666666666,-2.1907655333333333,no2,3,12.307546666666667,7.544543666666667,-4.763003,-38.69985732331166
FR23110,FR,47.26411110526316,-2.249857794736842,no2,3,10.372655533333333,7.497898866666667,-2.8747566666666664,-27.714760771033152
FR23110,FR,47.26411110526316,-2.249857794736842,pm25,3,8.8067788,11.572584666666668,2.7658058666666676,31.40541995521299
FR23120,FR,47.46853169230769,-0.5560527923076923,pm25,3,11.544315666666666,11.291136766666666,-0.2531789,-2.1931044447358174
FR23181,FR,47.27306333333333,-2.2230532,no2,3,9.999488666666666,8.653461,-1.3460276666666662,-13.460964970675496
FR23182,FR,47.9710548,0.22142209799999998,pm25,3,10.5466415,11.067704433333333,0.521062933333333,4.940557933379389
FR26012,FR,47.275014,4.098330529411765,no2,3,3.6072893333333336,2.964295433333333,-0.6429939000000005,-17.824849647029524
FR26012,FR,47.275014,4.098330529411765,pm25,2,8.045563999999999,8.0106821,-0.03488189999999847,-0.4335544406830705
FR27010,FR,45.46087,5.1810784,no2,3,5.5544277,4.872927733333333,-0.6814999666666663,-12.269490278299354
FR29424,FR,45.42009,4.39542095,pm25,3,10.741418666666668,10.550292333333333,-0.19112633333333484,-1.7793397619482805
FR31008,FR,44.86555153846154,-0.9394413207692308,no2,3,2.8313291333333335,2.4391370666666665,-0.39219206666666695,-13.851871266020488
FR31043,FR,43.47022,-1.5538429,pm25,2,11.6803575,10.4363435,-1.244014,-10.650478805978327
FR32001,FR,46.78247923076923,4.847264823076923,pm25,3,12.987739666666666,10.359061166666667,-2.6286784999999995,-20.239691951529977
FR33101,FR,45.5647303125,5.928333,pm25,3,11.636578333333333,9.233637333333332,-2.402941,-20.64989321746499
FR33305,FR,46.21164957142857,5.226389285714286,no2,3,19.288116333333335,15.180041333333333,-4.108075000000001,-21.29847689118563
FR34018,FR,47.99794733333333,2.719728533333333,no2,3,14.7588765,8.544722466666666,-6.214154033333333,-42.104519496001835
FR34024,FR,47.344260526315786,0.6536325631578948,no2,3,15.856354333333332,9.531561666666667,-6.324792666666665,-39.888063382707365
FR34024,FR,47.344260526315786,0.6536325631578948,pm25,3,13.570125666666668,12.432482833333333,-1.1376428333333344,-8.383436242803654
FR34038,FR,46.81479777777778,2.6102428888888887,no2,2,4.71756635,1.9548013499999999,-2.7627650000000004,-58.56335226742493
FR34046,FR,48.73140323076923,1.3638863692307692,no2,3,13.097583833333333,7.615432133333333,-5.4821517,-41.8562062267388
FR34051,FR,46.798296,1.6933397153846155,no2,3,11.425051666666667,7.3254245000000004,-4.099627166666666,-35.88278885974403
FR34057,FR,46.942966,2.003261,no2,3,16.217322,10.679410333333333,-5.537911666666666,-34.14812671701694
FR34057,FR,46.942966,2.003261,pm25,3,10.783664666666667,8.894845333333333,-1.888819333333334,-17.51556072743855
FR34061,FR,47.59454376923077,1.3023265615384616,no2,3,10.780621666666667,7.0705241333333335,-3.7100975333333333,-34.414504543878344
FR35005,FR,46.16998269230769,1.8699972307692307,no2,3,12.736673333333334,9.774149566666667,-2.962523766666667,-23.25979232672477
FR36002,FR,44.933510999999996,4.893482275,pm25,3,13.644829333333334,13.123434333333334,-0.521395,-3.8211910699848013
FR36021,FR,44.56943342105263,5.278969052631579,no2,3,1.7480159,1.9972932,0.24927730000000015,14.260585387123776
FR40008,FR,4.9378443,-52.32094,no2,3,2.032141833333333,1.6962018,-0.3359400333333331,-16.531328070850687
FR40008,FR,4.9378443,-52.32094,o3,3,44.473787,38.923750999999996,-5.550036000000006,-12.479342044786979
FR82020,FR,47.64066,6.859275,no2,3,27.977061,15.774315333333334,-12.202745666666665,-43.61696772461791
FugueiCape,TW,25.296887833333333,121.538165,no2,3,0.006718305274248666,0.005281654690390899,-0.001436650583857767,-21.384121816620386
FugueiCape,TW,25.296887833333333,121.538165,o3,3,0.073723653688,0.09824724722559999,0.02452359353759999,33.26421346584955
FugueiCape,TW,25.296887833333333,121.538165,pm25,3,20.592997333333333,14.603749666666667,-5.989247666666666,-29.083904444410486
Fuxing,TW,22.608711,120.31202,no2,3,0.04090236876344566,0.03828159030542667,-0.002620778458018995,-6.407400200159502
Fuxing,TW,22.608711,120.31202,o3,3,0.0520599517504,0.058466854950399993,0.006406903199999994,12.306778981889408
Fuxing,TW,22.608711,120.31202,pm25,3,34.93771266666667,26.390388666666666,-8.547324000000003,-24.464463605697986
Georgia Station,US,33.1787,-84.4052,o3,3,0.062040949548799997,0.06216969227839999,1.2874272959999267e-4,0.2075125067174005
GIR-SOSN - Girardota - S.O.S Aburrá Norte,CO,6.378692285714286,-75.45104142857143,no2,2,0.0207118456644365,0.023636398433446247,0.0029245527690097486,14.12019390445432
"GM Office, Brajrajnagar - OSPCB",IN,21.800499,83.8397,no2,2,32.562184,16.1966225,-16.365561500000002,-50.259409811086385
Grand Falls Windsor,CA,49.0194,-55.8028,o3,3,0.0735883015184,0.0753527242464,0.0017644227279999952,2.3976945949198454
Guting,TW,25.020609,121.52956,no2,3,0.036267222288578996,0.028185754647359666,-0.00808146764121933,-22.28311718199683
Guting,TW,25.020609,121.52956,o3,3,0.0631109465552,0.0679086343472,0.004797687792000002,7.6019899143862535
Guting,TW,25.020609,121.52956,pm25,3,19.95346,13.954992666666667,-5.998467333333332,-30.06229161926469
Harrisville,US,41.3028,-111.9883,no2,3,0.016306327246429667,0.0155368101320058,-7.69517114423867e-4,-4.719132044846922
Healdton,US,34.2569,-97.4742,o3,3,0.060237692761599994,0.062397287363199994,0.0021595946015999998,3.585121711329367
Herriman #3,US,40.496407,-112.03631,pm25,3,3.0285303666666668,3.2181657,0.18963533333333338,6.261628921424828
"Hiran Ruchi, Thon Buri",TH,13.732878,100.486015,no2,3,0.038786812740319664,0.022080053788605832,-0.01670675895171383,-43.07329675053919
Hobbs Jefferson,US,32.7267,-103.1233,pm25,3,7.9790917666666665,4.5836458,-3.3954459666666663,-42.55429146524458
HR0026A,HR,45.714844,16.068254,no2,3,23.483297333333333,19.007287333333334,-4.476009999999999,-19.060398275699267
HR0026A,HR,45.714844,16.068254,o3,3,55.31292233333333,61.92806133333333,6.615138999999999,11.959482017845774
HU0035A,HU,47.691944,16.575008,no2,3,19.404175666666667,13.886792333333332,-5.517383333333335,-28.434000125093355
HU0035A,HU,47.691944,16.575008,o3,3,55.79970466666667,60.24861033333333,4.448905666666661,7.972991422164864
HU0041A,HU,47.508057,19.028067,no2,3,50.518953333333336,44.16848066666667,-6.350472666666668,-12.570475529778069
"Huai Pong, Mueang",TH,NA,NA,no2,3,0.019479018643345166,0.021358356514493332,0.0018793378711481658,9.64801105003421
ITA-CJUS - Itagüí - Casa de Justicia Itagüí,CO,6.1856666,-75.597206,no2,2,0.04132908620411149,0.0356743969402135,-0.005654689263897991,-13.682105711147932
ITA-CONC - Itagüí - I.E. Concejo Municipal de Itagüí,CO,6.168497,-75.644356,pm25,2,29.073804000000003,19.6495415,-9.424262500000001,-32.414961936181456
Joshua Tree NP - Cot,US,33.7457175,-115.8201775,pm25,2,4.7742009,4.335742,-0.43845890000000054,-9.183922276919693
JPRECC,US,37.0581,-88.5725,pm25,3,9.264424666666667,7.742323666666667,-1.5221010000000001,-16.42952535926498
KSPORT,US,36.5819,-82.4858,o3,3,0.06749139283359999,0.0587034454176,-0.008787947415999989,-13.020841691127446
"Lal Bahadur Shastri Nagar, Kalaburagi - KSPCB",IN,17.321025,76.821757,no2,1,13.509357,33.892647,20.383289999999995,150.88275481949285
"Lal Bahadur Shastri Nagar, Kalaburagi - KSPCB",IN,17.321025,76.821757,o3,1,55.299,14.898156,-40.400844,-73.05890522432593
"Lal Bahadur Shastri Nagar, Kalaburagi - KSPCB",IN,17.321025,76.821757,pm25,1,54.687073,88.10719,33.420117000000005,61.11154824468299
Lancaster,US,43.03391392307692,-91.91777030769231,o3,2,0.0585168255888,0.053756298228,-0.0047605273608000015,-8.135313754461684
LANSING FILLEY ST,US,42.76138,-84.56287,pm25,2,7.782083350000001,6.826745150000001,-0.9553381999999999,-12.276123976492745
Lincoln,US,38.89,-121.3,o3,3,0.058099591273599996,0.0560454015344,-0.0020541897391999978,-3.535635439372541
Lincoln,US,38.89,-121.3,pm25,3,5.2852396,6.181227000000001,0.895987400000001,16.95263541126879
LU0101A,LU,49.59769,6.13759,no2,3,36.109624333333336,28.997397,-7.112227333333337,-19.696209707637234
LU0102A,LU,49.50504,5.97694,no2,3,31.023831333333334,17.781715000000002,-13.242116333333332,-42.68369109880196
LU0104A,LU,49.73181,5.84714,no2,3,12.392744666666667,8.385375,-4.007369666666667,-32.3364175931541
LU0105A,LU,49.72226,6.30533,pm25,3,9.837946833333334,9.3109258,-0.5270210333333338,-5.357022580643144
LV0019A,LV,56.950607,24.115871,no2,3,24.983047,17.149572333333335,-7.833474666666664,-31.355161228598995
"Mahakaleshwar Temple, Ujjain - MPPCB",IN,NA,NA,no2,3,30.263121666666667,19.150406,-11.112715666666666,-36.72032181302292
"Mahakaleshwar Temple, Ujjain - MPPCB",IN,NA,NA,o3,3,81.21886333333333,75.4155,-5.803363333333337,-7.145339266218907
"Mahakaleshwar Temple, Ujjain - MPPCB",IN,NA,NA,pm25,3,82.95703133333333,42.58076233333334,-40.37626899999999,-48.67130410894565
"Major Dhyan Chand National Stadium, Delhi - DPCC",IN,NA,NA,no2,2,87.0393945,48.4106315,-38.628763,-44.38078093477546
"Major Dhyan Chand National Stadium, Delhi - DPCC",IN,NA,NA,o3,2,25.7641995,18.8681415,-6.896058,-26.766047980648494
"Major Dhyan Chand National Stadium, Delhi - DPCC",IN,NA,NA,pm25,2,168.52851,82.3007645,-86.22774550000001,-51.165079131121495
Matsu,TW,26.154753333333332,119.9520625,no2,3,0.0113985941515815,0.0127730491916342,0.0013744550400526991,12.05811016494521
Matsu,TW,26.154753333333332,119.9520625,o3,3,0.0922782685056,0.08990473941919999,-0.0023735290864000114,-2.5721430677429447
Matsu,TW,26.154753333333332,119.9520625,pm25,3,24.358562,21.90725533333333,-2.4513066666666674,-10.063429305336939
McMillan Reservoir,US,38.92185,-77.013176,pm25,3,7.970128833333333,5.108319333333333,-2.8618094999999997,-35.90669059239172
"MED-LAYE - Medellín, El Poblado - Tanques La Ye EPM",CO,6.182542,-75.55064,pm25,2,32.9030765,19.643987,-13.259089499999998,-40.297415653517994
Miaoli,TW,24.56527,120.8202,no2,3,0.027664602385646834,0.022795099495173,-0.004869502890473835,-17.60192618203061
Miaoli,TW,24.56527,120.8202,o3,3,0.0497828170928,0.047535598985599996,-0.002247218107200001,-4.514043676979887
Miaoli,TW,24.56527,120.8202,pm25,3,25.023241,17.781918666666666,-7.241322333333333,-28.938387051195058
"MIDC Khutala, Chandrapur - MPCB",IN,19.97753,79.23371,pm25,2,61.824545,23.728841000000003,-38.095704,-61.6190608438768
Middletown-CVH-Shed,US,41.55,-72.626,o3,3,0.06560311967039999,0.0707035767472,0.0051004570768000135,7.774717273241703
MK0043A,MK,41.99917,21.44084,no2,3,52.323146666666666,34.85063,-17.472516666666664,-33.39347455147957
MK0047A,MK,41.992,21.423,pm25,3,32.17183166666667,25.750450999999998,-6.421380666666671,-19.959636532973292
MK0048A,MK,42.006,21.387,pm25,3,34.272331333333334,28.937720666666667,-5.334610666666666,-15.565356831964955
Mobile-Pomeroy,US,46.474438,-117.61476,pm25,2,4.76215035,3.8669147500000003,-0.8952355999999995,-18.79897807090445
Molson,CA,45.5427575,-73.57199333333334,no2,3,0.0230707271184985,0.017260352659682166,-0.005810374458816332,-25.185051294536255
Molson,CA,45.5427575,-73.57199333333334,o3,3,0.05499674189439999,0.05673488588159999,0.0017381439871999999,3.1604490144842288
Molson,CA,45.5427575,-73.57199333333334,pm25,3,6.8491345,5.6619727,-1.1871618000000002,-17.333019230385975
"More Chowk Waluj, Aurangabad - MPCB",IN,19.838943,75.244446,o3,2,59.747098,91.353021,31.605922999999997,52.89951153778213
MT00004,MT,35.852290000000004,14.538986,no2,3,11.234625666666666,10.790517666666666,-0.44410799999999995,-3.9530289052502767
MT00005,MT,35.895836,14.489986,no2,3,29.5403335,24.511805666666667,-5.028527833333332,-17.022583151721467
MUSKEGON,US,43.2781,-86.3111,o3,3,0.0715484457568,0.0612727690208,-0.010275676736000001,-14.361844799435627
"Najafgarh, Delhi - DPCC",IN,NA,NA,no2,2,41.8428945,25.533549999999998,-16.3093445,-38.977572404796234
"Najafgarh, Delhi - DPCC",IN,NA,NA,o3,2,59.15905000000001,42.860029,-16.29902100000001,-27.55118785714106
"Najafgarh, Delhi - DPCC",IN,NA,NA,pm25,2,188.27197999999999,87.46042700000001,-100.81155299999998,-53.545701808628124
Nanaimo Labieux Road,CA,49.2008,-123.9939,pm25,2,4.705970799999999,3.9058877499999998,-0.8000830499999996,-17.001445270336138
"Narela, Delhi - DPCC",IN,NA,NA,no2,2,55.451671499999996,39.565297,-15.886374499999995,-28.649045322285726
"Narela, Delhi - DPCC",IN,NA,NA,o3,2,42.38171749999999,44.725222,2.3435045000000088,5.529517533120288
"Narela, Delhi - DPCC",IN,NA,NA,pm25,2,214.69657999999998,98.96459,-115.73198999999998,-53.90490617037309
"Nehru Nagar, Delhi - DPCC",IN,NA,NA,o3,2,43.794743499999996,44.0643825,0.26963900000000507,0.6156880448449369
North Ward,AU,-19.2509,146.80706666666666,pm25,3,5.860504,5.486858533333334,-0.373645466666666,-6.375654153067142
Ohio DES,US,39.954475,-82.75887,o3,2,0.0673752512304,0.0578826128472,-0.009492638383200004,-14.08920665948758
"Padmapukur, Howrah - WBPCB",IN,NA,NA,no2,3,35.08439533333333,27.22371233333333,-7.860683000000002,-22.40506904940626
"Padmapukur, Howrah - WBPCB",IN,NA,NA,o3,3,47.86523833333333,48.951291,1.0860526666666672,2.2689799622502673
PECK,US,38.0515173125,-94.237979375,no2,3,0.006595630020084733,0.005081656343505733,-0.0015139736765790003,-22.954193488244666
Pendleton - McKay Cr,US,45.65223,-118.82304,pm25,3,3.7712681666666668,4.459272166666667,0.6880039999999998,18.243306219406563
Penn State,US,40.7208,-77.9319,o3,3,0.07066539447039999,0.0695423374032,-0.0011230570671999923,-1.589260309967439
Pinedale Gaseous,US,42.8698,-109.8708,pm25,2,5.517011,4.30651235,-1.21049865,-21.941204213658445
Prescott Pioneer Par,US,34.61205,-112.46321,o3,3,0.0802890774352,0.08026758890239999,-2.1488532800012505e-5,-0.026763955305571355
Preston PM25 BAM,US,42.082222,-111.86417,pm25,2,4.24505355,4.5677874,0.32273385000000054,7.602586073384177
PT01044,PT,41.274166,-8.376111,o3,3,47.242155333333336,55.597664,8.355508666666665,17.686552630191173
PT02004,PT,40.756668,-8.572778,o3,3,44.672251333333335,35.349183,-9.323068333333339,-20.869931680333053
PT02004,PT,40.756668,-8.572778,pm25,3,11.743273666666665,14.414905666666668,2.6716320000000024,22.750317124801764
PT02021,PT,40.64111,-8.100556,o3,3,82.89245133333334,75.91141333333333,-6.981038000000012,-8.421801850119426
PT03082,PT,38.738888,-9.2075,o3,2,46.317868000000004,40.6151725,-5.702695500000004,-12.312085478545782
PT06004,PT,32.648888,-16.883057,no2,3,42.290677333333335,32.983224666666665,-9.30745266666667,-22.008284694297327
PT06004,PT,32.648888,-16.883057,pm25,3,6.303414999999999,6.537400066666667,0.2339850666666674,3.712036517771199
PT06008,PT,32.807777,-16.886389,pm25,2,6.2830801,3.7452018000000002,-2.5378783,-40.39226397893606
"Punjabi Bagh, Delhi - DPCC",IN,NA,NA,no2,3,103.307332,44.654871,-58.652461,-56.77473211678722
"Punjabi Bagh, Delhi - DPCC",IN,NA,NA,pm25,3,175.49435333333335,70.07421233333334,-105.42014100000002,-60.07038915933972
"RIMT University, Mandi Gobindgarh - PPCB",IN,NA,NA,no2,3,33.210645666666665,13.057682666666667,-20.152963,-60.682237865153624
Saint-Jean-Baptiste,CA,45.641468124999996,-73.49968125,o3,3,0.060869585328,0.05954276576959999,-0.0013268195584000067,-2.1797742686275043
Sainte-Anne-de-Belle,CA,45.42696266666667,-73.92924000000001,o3,3,0.0676837766176,0.0629260785552,-0.0047576980624000065,-7.0293034758980175
Sainte-Anne-de-Belle,CA,45.42696266666667,-73.92924000000001,pm25,2,7.066293,8.1962578,1.1299647999999998,15.990913481793068
SAN MARTIN DE PORRES,PE,-12.008889,-77.08447,no2,2,41.03073,5.680111,-35.350618999999995,-86.15644664377162
"Sanathnagar, Hyderabad - TSPCB",IN,17.451865,78.43839625,o3,3,27.494516333333333,37.327718000000004,9.833201666666671,35.76422857362746
Sanchong,TW,25.07261,121.493805,no2,3,0.06933186033064266,0.06499347262599733,-0.004338387704645327,-6.257422899018746
Sanchong,TW,25.07261,121.493805,pm25,3,18.305258666666667,19.591812333333333,1.2865536666666664,7.0283282530688425
"Secretariat, Amaravati - APPCB",IN,NA,NA,no2,3,23.608499666666667,8.341869033333333,-15.266630633333333,-64.66582310983789
"Secretariat, Amaravati - APPCB",IN,NA,NA,o3,3,31.822205333333336,36.507033,4.6848276666666635,14.721882464127553
"Secretariat, Amaravati - APPCB",IN,NA,NA,pm25,3,63.24575466666667,28.839785333333335,-34.40596933333333,-54.400440811668915
"Sector-2 Industrial Area, Pithampur - MPPCB",IN,NA,NA,no2,3,17.346367666666666,12.337077433333334,-5.009290233333331,-28.8780356187154
"Sector-2 Industrial Area, Pithampur - MPPCB",IN,NA,NA,o3,3,70.16215133333333,12.527962666666667,-57.63418866666666,-82.14427233402868
"Sector-2 Industrial Area, Pithampur - MPPCB",IN,NA,NA,pm25,3,68.87542266666667,34.377901666666666,-34.497521,-50.08683745863328
"Sector-D Industrial Area, Mandideep - MPPCB",IN,NA,NA,no2,3,20.482788666666668,18.733717,-1.7490716666666692,-8.539226250540182
"Sector-D Industrial Area, Mandideep - MPPCB",IN,NA,NA,o3,3,50.43067066666667,17.650083666666667,-32.780587000000004,-65.00129101330214
"Sector-D Industrial Area, Mandideep - MPPCB",IN,NA,NA,pm25,3,81.89825666666667,28.658641666666668,-53.239615,-65.00701866791874
"Shastri Nagar, Narnaul - HSPCB",IN,28.06025,76.11311,no2,1,44.236874,15.4912195,-28.7456545,-64.98120662866006
Shenyang,CN,41.7808775,123.4211075,pm25,6,75.047426,50.571023833333335,-24.476402166666666,-32.614579168466975
Shilin,TW,25.105917,121.5145,no2,3,0.024858862489192,0.02358248538968333,-0.0012763770995086673,-5.134495192865738
Shilin,TW,25.105917,121.5145,o3,3,0.0732083680032,0.07894430833919999,0.005735940335999987,7.835088381903642
Shilin,TW,25.105917,121.5145,pm25,3,18.497003333333332,13.446406166666668,-5.050597166666664,-27.30494813484201
"Sirifort, Delhi - CPCB",IN,NA,NA,pm25,2,315.437895,123.42788999999999,-192.01000500000004,-60.870937843406544
Soddy Daisy,US,35.14,-85.1697,o3,3,0.0764741276448,0.0673323068848,-0.009141820759999988,-11.954135393947976
Solheim,NO,59.92861,10.953203,pm25,3,11.569813333333332,11.571364666666666,0.00155133333333346,0.013408456028101808
"Sonia Vihar, Delhi - DPCC",IN,NA,NA,o3,2,60.34302650000001,60.854018499999995,0.5109919999999875,0.8468120172924827
Southport,AU,-27.9612,153.40207999999998,o3,3,0.032696104584000005,0.036977618016,0.004281513431999992,13.094873185887627
Southport,AU,-27.9612,153.40207999999998,pm25,3,4.8339513,6.247089366666667,1.4131380666666669,29.23360164316647
SPABC14 COBACH,MX,32.6336,-115.5042,no2,2,0.02905093876000025,0.0264403451227415,-0.002610593637258747,-8.98626257425192
Spanish Fork,US,40.1364,-111.6602,pm25,3,3.5534500666666666,3.6133828,0.05993273333333349,1.6866068808884014
St. Marks Wildlife R,US,30.0842,-84.1617,o3,2,0.066620156412,0.0605356764192,-0.006084479992800006,-9.133091725530736
St. Marks Wildlife R,US,30.0842,-84.1617,pm25,2,8.1164855,8.459983300000001,0.3434978000000015,4.232100211353813
St. Martinville,US,30.008886,-91.8696,o3,3,0.068101376088,0.0646791579136,-0.003422218174399999,-5.025182119635643
Steeper,CA,53.1325,-117.09111,no2,3,0.005704569057794699,0.0037455237164683666,-0.0019590453413263326,-34.341688591700034
Steeper,CA,53.1325,-117.09111,o3,3,0.0771911746656,0.081543128368,0.004351953702400005,5.63789023972379
Steeper,CA,53.1325,-117.09111,pm25,3,2.5500533,2.7421476,0.19209429999999994,7.532952350446948
Sutter Buttes (seaso,US,39.20556,-121.82046,o3,2,0.0873494536776,0.07440433766400001,-0.012945116013599989,-14.8199164031173
Tainan,TW,22.984581,120.202614,no2,3,0.030264797930458665,0.026386691925437997,-0.003878106005020667,-12.813916729038258
Tainan,TW,22.984581,120.202614,o3,3,0.0638650437408,0.0683888029648,0.004523759224000001,7.083310304084252
Tainan,TW,22.984581,120.202614,pm25,3,30.554138666666667,25.052784666666668,-5.501353999999999,-18.005266193289078
"Talat Yai, Mueang",TH,NA,NA,no2,3,0.020641738556506667,0.011301842886382465,-0.009339895670124202,-45.24762119506687
"Talcher Coalfields,Talcher - OSPCB",IN,20.936071,85.1707,o3,2,18.6219745,33.48369,14.861715500000003,79.8074097889029
Temple Georgia C1045,US,31.122526,-97.43116,o3,3,0.0581472394464,0.0529916027072,-0.005155636739199998,-8.866520213659419
"Tirumala, Tirupati - APPCB",IN,NA,NA,no2,3,67.916684,19.125586566666666,-48.791097433333334,-71.83963432804424
"Tirumala, Tirupati - APPCB",IN,NA,NA,o3,3,47.771171,9825705666666667e7,9825705666666667e7,20568274674838233e7
"Tirumala, Tirupati - APPCB",IN,NA,NA,pm25,3,52.792537333333335,29.149233,-23.643304333333337,-44.78531536389121
Tonawanda II,US,42.9981,-78.8993,pm25,3,5.6313839,5.189302733333333,-0.4420811666666671,-7.85031130033005
TOR,US,40.054173,-74.98517,pm25,2,8.988429,7.0032798000000005,-1.9851491999999995,-22.085608063433547
Turlock - S. Minaret,US,37.4883,-120.8358,no2,2,0.0144785919653177,0.018614975063775997,0.0041363830984582975,28.56895966380343
Ukiah Library,US,39.15048,-123.20653,pm25,2,7.7614515,7.54036665,-0.22108484999999956,-2.848498763407844
"Vindhyachal STPS, Singrauli - MPPCB",IN,NA,NA,no2,3,59.328755,45.744587333333335,-13.584167666666666,-22.896431362273937
"Vindhyachal STPS, Singrauli - MPPCB",IN,NA,NA,o3,3,20.039998666666666,54.146336,34.10633733333333,170.19131538199036
"Vindhyachal STPS, Singrauli - MPPCB",IN,NA,NA,pm25,3,153.34995333333333,72.64840533333333,-80.701548,-52.625740175206225
Wagner2,CA,53.49389,-114.44972,no2,3,0.009635098121575567,0.0053904561822484,-0.004244641939327168,-44.053956542718296
"Ward-32 Bapupara, Siliguri - WBPCB",IN,26.688305,88.41267,no2,2,46.107126,51.6394155,5.532289499999997,11.998773248195945
"Ward-32 Bapupara, Siliguri - WBPCB",IN,26.688305,88.41267,o3,2,33.5570245,27.0043395,-6.552684999999997,-19.527014381146927
Weaverville,US,40.734722,-122.94111,pm25,2,11.273512,9.32735,-1.946162000000001,-17.263138585384937
West Yellowstone Par,US,44.657013,-111.089615,no2,2,0.004521608595210099,0.0040864468502916,-4.3516174491849916e-4,-9.62404718930076
West Yellowstone Par,US,44.657013,-111.089615,pm25,2,3.05611515,3.22770165,0.1715865000000001,5.614529936805559
WHlthDpt,US,37.7011,-97.3139,no2,3,0.013401044734759133,0.011414873367605667,-0.0019861713671534657,-14.821018856849333
Wilkes-Barre,US,41.2658,-75.8464,o3,2,0.0603154416984,0.0477977683128,-0.012517673385600003,-20.75367937814847
Worthing A27 Roadside,GB,50.832947,-0.379916,pm25,3,12.284117333333334,8.049281,-4.234836333333334,-34.47407915782417
Wschowa ul. Kazimierza Wielkiego,PL,51.79972,16.3175,no2,2,14.385821,15.8781915,1.4923704999999998,10.373898715964836
WY/KC,US,39.1175,-94.6356,no2,3,0.017769102545545666,0.01823830778344833,4.6920523790266316e-4,2.6405680123686546
Yangming,TW,25.182722,121.52959,no2,3,0.004009021763522566,0.003120001811273933,-8.890199522486333e-4,-22.175483314600097
Yangming,TW,25.182722,121.52959,o3,3,0.0896902532752,0.09005829896,3.6804568480000577e-4,0.4103519294016455
Yangming,TW,25.182722,121.52959,pm25,3,10.150243666666666,8.268957666666667,-1.8812859999999993,-18.534392491267283
York,US,39.50805454545454,-77.11111818181818,o3,3,0.060302096192000006,0.0588092933088,-0.0014928028832000076,-2.475540615448872
Yreka,US,41.72679,-122.63359,o3,3,0.0554685433536,0.050125159254400004,-0.005343384099199995,-9.633179052741793
Yreka,US,41.72679,-122.63359,pm25,3,7.386727,5.346973966666667,-2.0397530333333327,-27.613759562703926
Zhongming,TW,24.151958,120.64109,no2,3,0.03645342101643233,0.030217922695538333,-0.0062354983208939944,-17.105385851394253
Zhongming,TW,24.151958,120.64109,o3,3,0.049796368408,0.0574094171888,0.007613048780799998,15.288361429137732
Zhongming,TW,24.151958,120.64109,pm25,3,24.767023666666667,20.953627666666666,-3.813396000000001,-15.397070117603018
Živinice,BA,44.453888,18.648333,o3,3,28.860893333333333,21.339093666666667,-7.521799666666666,-26.06225517620845
三江中学,CN,29.8906,121.554,no2,2,38.967347000000004,20.5936705,-18.373676500000002,-47.151468895226564
三江中学,CN,29.8906,121.554,o3,2,106.4881555,94.338283,-12.1498725,-11.409599915551173
三江中学,CN,29.8906,121.554,pm25,2,45.673031,17.2531955,-28.4198355,-62.22454450198411
丽江古城,CN,26.8802,100.2497,pm25,2,6.742636,16.2921465,9.5495105,141.62874134092365
五号水库,CN,47.3382,130.1097,no2,2,7.155639000000001,5.5412678500000005,-1.6143711500000002,-22.56082440715637
五号水库,CN,47.3382,130.1097,o3,2,81.08662,84.61275,3.526130000000009,4.348596599537641
五号水库,CN,47.3382,130.1097,pm25,2,27.127858500000002,21.332279999999997,-5.795578500000005,-21.36393663362703
人口学校,CN,36.1942,117.0881,no2,2,34.009187499999996,19.856491,-14.152696499999998,-41.614332891663466
人口学校,CN,36.1942,117.0881,o3,2,107.65169499999999,107.51129,-0.140404999999987,-0.13042525712204253
人口学校,CN,36.1942,117.0881,pm25,2,75.88171299999999,48.385127,-27.496585999999994,-36.23611659900192
仁和,CN,26.5017,101.7453,pm25,2,24.406304,28.7694415,4.363137500000001,17.877092328277154
凉山州政府,CN,27.8847,102.2689,pm25,2,17.691775,20.9541665,3.2623914999999997,18.440159339580113
南城元岭,CN,23.027779,113.74611,no2,2,33.0533415,22.873949000000003,-10.179392499999999,-30.796863609084724
南城元岭,CN,23.027779,113.74611,o3,2,82.90686,107.5534705,24.64661050000001,29.728071356218305
南城元岭,CN,23.027779,113.74611,pm25,2,28.128701,23.239044,-4.889657,-17.38315964181922
大理古城,CN,25.5811,100.2171,pm25,2,20.907605,20.319714,-0.587890999999999,-2.8118524336001136
大理市环境监测站,CN,25.7054,100.1542,pm25,2,19.672082,24.9191525,5.2470704999999995,26.67267501223307
天山天池,CN,44.1564,87.9897,no2,2,3.9654100999999997,3.9744073,0.008997200000000483,0.2268920432719048
天山天池,CN,44.1564,87.9897,o3,2,103.7223125,107.47787,3.7555574999999948,3.620780726422769
富林印务,CN,29.732,120.209,no2,2,31.9483885,19.778561,-12.1698275,-38.092148215863844
富林印务,CN,29.732,120.209,o3,2,100.69878700000001,87.976445,-12.722342000000012,-12.634056853137675
富林印务,CN,29.732,120.209,pm25,2,40.9915085,30.920797,-10.070711500000002,-24.567799206511275
小东沟,CN,47.9047,88.1214,no2,2,16.657174,2.1849462500000003,-14.472227750000002,-86.88285149689858
小东沟,CN,47.9047,88.1214,o3,2,97.597035,83.9401055,-13.656929500000004,-13.993180735459845
小东沟,CN,47.9047,88.1214,pm25,2,16.269025,12.0400645,-4.2289604999999995,-25.993939403252497
州图书馆,CN,23.3682,103.3758,pm25,2,42.3647085,50.0368385,7.672130000000003,18.109719791887635
州环境监测站,CN,25.0441,101.5482,pm25,2,26.416653500000002,27.255622000000002,0.8389685,3.175907576635322
市经济开发区,CN,25.0492,101.538,pm25,2,26.202173000000002,27.294330000000002,1.0921570000000003,4.168192462510648
德宏州监测站,CN,24.428,98.5842,pm25,2,29.367485000000002,28.5029235,-0.8645615000000006,-2.9439412329656443
新山村,CN,29.4892,106.468,no2,2,52.732355,53.134615999999994,0.40226099999999576,0.7628352649905277
日喀则鸿达公司,CN,29.2365,88.8931,no2,2,5.6482241,4.68560065,-0.9626234500000006,-17.042940098640926
景洪市江北,CN,22.0225,100.8017,pm25,2,33.643595499999996,47.997969999999995,14.354374499999999,42.66599418602569
景洪市江南,CN,22.0019,100.7939,pm25,2,70.35210000000001,72.994562,2.6424619999999948,3.7560527688583494
汤旺河国家公园,CN,48.4658,129.4942,pm25,2,15.5225595,12.563705500000001,-2.9588539999999988,-19.061637354329346
河门口,CN,26.5928,101.5769,pm25,2,24.6401695,28.658389999999997,4.018220499999998,16.307600887242266
泸水一中,CN,25.8417,98.8546,o3,2,89.95871,99.372835,9.414124999999999,10.464939970793266
泸水一中,CN,25.8417,98.8546,pm25,2,30.191640500000002,27.2811995,-2.9104410000000023,-9.639890220605938
海滩公园,CN,21.4086,109.1436,pm25,2,26.087803,22.471079,-3.6167240000000014,-13.863658814044252
炳草岗,CN,26.585,101.7169,pm25,2,28.1094485,32.8434975,4.734048999999999,16.841486591243505
职工医院,CN,38.0513,114.4548,no2,2,51.030134,37.8537585,-13.176375499999999,-25.82077385883408
职工医院,CN,38.0513,114.4548,o3,2,95.303783,91.596812,-3.706970999999996,-3.889636783882961
职工医院,CN,38.0513,114.4548,pm25,2,95.936985,64.46767299999999,-31.469312000000016,-32.80206481368996
菱塘子站,CN,31.656,120.734,o3,2,105.081705,105.449295,0.36759000000000697,0.34981350940204764
西南郊,CN,26.8576,100.2143,pm25,2,11.301003,11.6491095,0.3481065000000001,3.0803150835372763
西昌市政府,CN,27.8978,102.2625,pm25,2,18.676476,22.235908,3.5594319999999975,19.05837054056663
邛海宾馆,CN,27.8408,102.2714,pm25,2,15.725841,18.2961885,2.5703474999999987,16.344737938021876
长安,CN,27.8953,102.2311,pm25,2,19.3764235,21.601943,2.225519499999997,11.485708391953741
青龙寺,CN,27.8094,102.3419,pm25,2,15.0349455,20.6744525,5.639507000000002,37.50932785223599
龙泉镇,CN,25.0836,102.728,pm25,2,29.642474999999997,33.654839,4.012364000000005,13.535860281572324
