location_name,age_id,age_name,metric_name,val,upper,lower
Kiribati,22,All Ages,Number,216.1771962,239.8195809,193.1783225
Kiribati,22,All Ages,Percent,0.000309658,0.000349053,0.000272068
Kiribati,22,All Ages,Rate,182.8282973,202.8234542,163.3773793
Kiribati,158,<20 years,Number,31.403182,38.65141985,24.91174481
Kiribati,158,<20 years,Percent,9.03E-05,0.000113014,7.08E-05
Kiribati,158,<20 years,Rate,57.92335433,71.29277177,45.94986016
Lebanon,22,All Ages,Number,12824.90564,14264.47743,11499.02414
Lebanon,22,All Ages,Percent,0.000290732,0.000331036,0.000256236
Lebanon,22,All Ages,Rate,150.6688969,167.5812002,135.092244
Lebanon,158,<20 years,Number,1752.775264,2252.814552,1332.185247
Lebanon,158,<20 years,Percent,8.81E-05,0.00011483,6.53E-05
Lebanon,158,<20 years,Rate,52.3524662,67.2878036,39.79014569
Israel,22,All Ages,Number,18081.36766,20816.30052,15775.55043
Israel,22,All Ages,Percent,0.000396108,0.000464768,0.00033524
Israel,22,All Ages,Rate,202.0445585,232.6052059,176.2789287
Israel,158,<20 years,Number,681.895473,881.8420016,504.1611132
Israel,158,<20 years,Percent,3.57E-05,4.76E-05,2.54E-05
Israel,158,<20 years,Rate,21.47871539,27.77674017,15.88034163
Antigua and Barbuda,22,All Ages,Number,123.2767225,140.4088562,107.5928122
Antigua and Barbuda,22,All Ages,Percent,0.000278337,0.000319938,0.000238658
Antigua and Barbuda,22,All Ages,Rate,138.5795759,157.8383927,120.9487564
Antigua and Barbuda,158,<20 years,Number,3.528485199,4.677156614,2.483816983
Antigua and Barbuda,158,<20 years,Percent,2.59E-05,3.54E-05,1.78E-05
Antigua and Barbuda,158,<20 years,Rate,14.00322951,18.56187395,9.857334609
Bulgaria,22,All Ages,Number,38344.83803,44277.50057,33424.56007
Bulgaria,22,All Ages,Percent,0.001207488,0.001411756,0.001029401
Bulgaria,22,All Ages,Rate,543.7179938,627.8413216,473.9499677
Bulgaria,158,<20 years,Number,279.2003793,362.6617143,205.0159245
Bulgaria,158,<20 years,Percent,4.08E-05,5.43E-05,2.96E-05
Bulgaria,158,<20 years,Rate,21.37296556,27.76198352,15.69409864
Somalia,22,All Ages,Number,12292.43277,13743.00665,10932.71274
Somalia,22,All Ages,Percent,0.000123752,0.0001404,0.000108289
Somalia,22,All Ages,Rate,72.82080196,81.41405242,64.76577294
Somalia,158,<20 years,Number,1669.754915,2092.223748,1266.833034
Somalia,158,<20 years,Percent,2.78E-05,3.57E-05,2.08E-05
Somalia,158,<20 years,Rate,17.240833,21.60297893,13.08051654
Tanzania,22,All Ages,Number,37975.44093,42401.3416,33743.26437
Tanzania,22,All Ages,Percent,0.000120917,0.000136904,0.000105783
Tanzania,22,All Ages,Rate,70.35989358,78.56008539,62.51862866
Tanzania,158,<20 years,Number,4866.918642,6156.874111,3625.786689
Tanzania,158,<20 years,Percent,2.69E-05,3.45E-05,2.00E-05
Tanzania,158,<20 years,Rate,16.52136738,20.90028345,12.30818888
Federated States of Micronesia,22,All Ages,Number,205.6083918,228.649646,184.0164578
Federated States of Micronesia,22,All Ages,Percent,0.000347899,0.000394381,0.000306044
Federated States of Micronesia,22,All Ages,Rate,197.8405544,220.0113153,177.0643587
Federated States of Micronesia,158,<20 years,Number,28.08694488,35.03522113,21.39427995
Federated States of Micronesia,158,<20 years,Percent,0.000102423,0.000130827,7.80E-05
Federated States of Micronesia,158,<20 years,Rate,62.38519545,77.81832902,47.51981186
Italy,22,All Ages,Number,165636.2105,189534.3572,145561.0317
Italy,22,All Ages,Percent,0.000580357,0.000680875,0.000498349
Italy,22,All Ages,Rate,273.3384467,312.7759723,240.2097112
Italy,158,<20 years,Number,1909.992911,2518.451689,1364.324561
Italy,158,<20 years,Percent,2.98E-05,4.09E-05,2.06E-05
Italy,158,<20 years,Rate,17.25210063,22.7480331,12.32332565
Japan,22,All Ages,Number,303097.2149,341625.0284,271289.8169
Japan,22,All Ages,Percent,0.000535167,0.000617128,0.000462212
Japan,22,All Ages,Rate,236.1245899,266.1392641,211.3453823
Japan,158,<20 years,Number,2640.73658,3322.358797,1990.923309
Japan,158,<20 years,Percent,2.08E-05,2.74E-05,1.55E-05
Japan,158,<20 years,Rate,11.89420404,14.96431478,8.967364729
Northern Mariana Islands,22,All Ages,Number,100.6488862,116.447846,85.69934128
Northern Mariana Islands,22,All Ages,Percent,0.000403371,0.000468874,0.00033888
Northern Mariana Islands,22,All Ages,Rate,224.2714523,259.4755742,190.960044
Northern Mariana Islands,158,<20 years,Number,8.517105838,10.8046566,6.554616036
Northern Mariana Islands,158,<20 years,Percent,0.00010519,0.000135345,7.95E-05
Northern Mariana Islands,158,<20 years,Rate,63.15766571,80.12074793,48.60503748
El Salvador,158,<20 years,Number,378.8831489,497.0654057,275.7143434
El Salvador,158,<20 years,Percent,2.82E-05,3.76E-05,2.00E-05
El Salvador,158,<20 years,Rate,16.67811121,21.88039277,12.13670889
Barbados,22,All Ages,Number,515.5123685,594.2437773,447.3387951
Barbados,22,All Ages,Percent,0.00035543,0.000413066,0.000303958
Barbados,22,All Ages,Rate,174.2279675,200.8368602,151.1873115
Barbados,158,<20 years,Number,9.689022936,12.96129237,6.732404688
Barbados,158,<20 years,Percent,2.55E-05,3.48E-05,1.77E-05
Barbados,158,<20 years,Rate,13.63636204,18.24176456,9.475208006
Libya,22,All Ages,Number,10441.25519,11685.77777,9304.611934
Libya,22,All Ages,Percent,0.000281824,0.000319604,0.000247309
Libya,22,All Ages,Rate,151.1311137,169.1448563,134.6788617
Libya,158,<20 years,Number,1207.593199,1557.094686,908.3101142
Libya,158,<20 years,Percent,7.80E-05,0.000102486,5.78E-05
Libya,158,<20 years,Rate,48.32864206,62.31591217,36.35114409
Guinea-Bissau,22,All Ages,Number,1985.840365,2207.890377,1765.564793
Guinea-Bissau,22,All Ages,Percent,0.000192989,0.000217246,0.000169864
Guinea-Bissau,22,All Ages,Rate,107.0222067,118.9890711,95.15097164
Guinea-Bissau,158,<20 years,Number,226.0535855,286.8303754,172.4328331
Guinea-Bissau,158,<20 years,Percent,3.98E-05,5.16E-05,2.97E-05
Guinea-Bissau,158,<20 years,Rate,22.60160887,28.67827972,17.24042307
Brunei,22,All Ages,Number,598.4381632,680.5176696,520.3129372
Brunei,22,All Ages,Percent,0.000300675,0.000350795,0.000254802
Brunei,22,All Ages,Rate,138.3829687,157.3630513,120.3172748
Brunei,158,<20 years,Number,13.05611085,17.4829825,8.854246455
Brunei,158,<20 years,Percent,1.75E-05,2.42E-05,1.17E-05
Brunei,158,<20 years,Rate,9.696865291,12.98473399,6.576111075
Morocco,22,All Ages,Number,66156.18321,73870.84292,58882.67857
Morocco,22,All Ages,Percent,0.000345723,0.000391953,0.000302944
Morocco,22,All Ages,Rate,186.4136514,208.1518748,165.9185066
Morocco,158,<20 years,Number,7442.251319,9677.308494,5591.448411
Morocco,158,<20 years,Percent,9.60E-05,0.000125817,7.13E-05
Morocco,158,<20 years,Rate,59.18871311,76.96426949,44.46915613
Marshall Islands,22,All Ages,Number,92.90939936,102.690884,83.33645566
Marshall Islands,22,All Ages,Percent,0.000290778,0.000328597,0.000258378
Marshall Islands,22,All Ages,Rate,164.9943711,182.3649485,147.9941339
Marshall Islands,158,<20 years,Number,12.31773798,15.36306279,9.67956294
Marshall Islands,158,<20 years,Percent,8.19E-05,0.00010362,6.32E-05
Marshall Islands,158,<20 years,Rate,50.14305524,62.53996535,39.40357069
Guatemala,22,All Ages,Number,23750.96338,26592.46993,21054.6918
Guatemala,22,All Ages,Percent,0.000255858,0.000291156,0.000222004
Guatemala,22,All Ages,Rate,140.3372218,157.1268201,124.4057728
Guatemala,158,<20 years,Number,1487.077393,1917.149096,1114.740398
Guatemala,158,<20 years,Percent,3.28E-05,4.30E-05,2.42E-05
Guatemala,158,<20 years,Rate,19.98218744,25.76115593,14.97901299
The Bahamas,22,All Ages,Number,526.6571741,600.3579888,457.930275
The Bahamas,22,All Ages,Percent,0.000283064,0.00032429,0.000241754
The Bahamas,22,All Ages,Rate,140.2771238,159.9076136,121.9714551
The Bahamas,158,<20 years,Number,18.03618748,23.38551248,12.8582461
The Bahamas,158,<20 years,Percent,2.89E-05,3.86E-05,2.05E-05
The Bahamas,158,<20 years,Rate,15.55323665,20.1661471,11.08811631
El Salvador,22,All Ages,Number,10507.32405,11927.8447,9289.391414
El Salvador,22,All Ages,Percent,0.000311452,0.000357465,0.000270123
El Salvador,22,All Ages,Rate,172.6205966,195.9577585,152.6116717
Angola,22,All Ages,Number,26129.95394,29383.14002,23160.61287
Angola,22,All Ages,Percent,0.000131625,0.000151455,0.000114497
Angola,22,All Ages,Rate,92.65185888,104.1870394,82.12313883
Angola,158,<20 years,Number,3040.383601,3783.067318,2349.580308
Angola,158,<20 years,Percent,2.50E-05,3.20E-05,1.90E-05
Angola,158,<20 years,Rate,18.96198303,23.5938841,14.65364499
Costa Rica,22,All Ages,Number,9766.642572,11097.14999,8670.946759
Costa Rica,22,All Ages,Percent,0.000402755,0.00046114,0.000348422
Costa Rica,22,All Ages,Rate,209.8668091,238.4569151,186.3223635
Costa Rica,158,<20 years,Number,231.4166653,302.5624997,165.6201268
Costa Rica,158,<20 years,Percent,2.76E-05,3.74E-05,1.94E-05
Costa Rica,158,<20 years,Rate,15.98943323,20.90516204,11.44330706
Liberia,22,All Ages,Number,4572.999022,5128.944194,4076.411553
Liberia,22,All Ages,Percent,0.000151654,0.000171928,0.000133937
Liberia,22,All Ages,Rate,96.83144915,108.6033687,86.31640551
Liberia,158,<20 years,Number,535.6451087,676.4391137,402.465199
Liberia,158,<20 years,Percent,3.12E-05,4.07E-05,2.33E-05
Liberia,158,<20 years,Rate,21.59644283,27.27305525,16.22681981
Czech Republic,22,All Ages,Number,52401.83655,60373.26864,45352.0722
Czech Republic,22,All Ages,Percent,0.001064342,0.00125185,0.000900949
Czech Republic,22,All Ages,Rate,494.6961641,569.9499556,428.1433177
Czech Republic,158,<20 years,Number,416.004824,532.7534232,303.7656933
Czech Republic,158,<20 years,Percent,3.67E-05,4.81E-05,2.69E-05
Czech Republic,158,<20 years,Rate,19.61141451,25.11520928,14.32020636
Bosnia and Herzegovina,22,All Ages,Number,17139.67878,19876.06915,14799.72809
Bosnia and Herzegovina,22,All Ages,Percent,0.001145315,0.001339099,0.000968673
Bosnia and Herzegovina,22,All Ages,Rate,504.2209876,584.7210642,435.3835105
Bosnia and Herzegovina,158,<20 years,Number,183.8312921,242.42948,132.4577743
Bosnia and Herzegovina,158,<20 years,Percent,5.12E-05,6.84E-05,3.69E-05
Bosnia and Herzegovina,158,<20 years,Rate,25.79266235,34.01434898,18.58464143
South Korea,22,All Ages,Number,152315.7433,168177.2571,136664.0447
South Korea,22,All Ages,Percent,0.000660444,0.00074612,0.000575183
South Korea,22,All Ages,Rate,289.1847341,319.2992026,259.4686182
South Korea,158,<20 years,Number,1694.137989,2258.556926,1229.457768
South Korea,158,<20 years,Percent,3.07E-05,4.23E-05,2.15E-05
South Korea,158,<20 years,Rate,17.09049583,22.78436465,12.40279303
Malta,22,All Ages,Number,1312.077325,1525.420819,1137.224987
Malta,22,All Ages,Percent,0.000634938,0.000748574,0.000532077
Malta,22,All Ages,Rate,301.9932915,351.0973366,261.7485344
Malta,158,<20 years,Number,18.89696617,24.76898043,13.78162201
Malta,158,<20 years,Percent,3.80E-05,5.20E-05,2.72E-05
Malta,158,<20 years,Rate,22.44392249,29.41811252,16.36842938
Luxembourg,22,All Ages,Number,1975.58164,2258.18705,1717.821903
Luxembourg,22,All Ages,Percent,0.000674669,0.00078566,0.00057287
Luxembourg,22,All Ages,Rate,334.5344114,382.3892977,290.8867585
Luxembourg,158,<20 years,Number,31.93437917,42.50486547,23.27321154
Luxembourg,158,<20 years,Percent,4.09E-05,5.50E-05,2.92E-05
Luxembourg,158,<20 years,Rate,24.70998844,32.88915462,18.00820317
Croatia,22,All Ages,Number,21932.31367,25077.3559,19025.8393
Croatia,22,All Ages,Percent,0.001169279,0.001349153,0.000995427
Croatia,22,All Ages,Rate,512.9770815,586.5367894,444.9972614
Croatia,158,<20 years,Number,180.8015835,237.0469207,133.4323287
Croatia,158,<20 years,Percent,4.27E-05,5.69E-05,3.11E-05
Croatia,158,<20 years,Rate,21.22108775,27.82272926,15.66125198
Mauritania,22,All Ages,Number,3950.413395,4407.038971,3504.890918
Mauritania,22,All Ages,Percent,0.000184302,0.00020829,0.000161691
Mauritania,22,All Ages,Rate,100.9323601,112.5990624,89.54934
Mauritania,158,<20 years,Number,389.6518748,502.8638737,291.1842409
Mauritania,158,<20 years,Percent,3.31E-05,4.40E-05,2.45E-05
Mauritania,158,<20 years,Rate,18.84520564,24.32061468,14.08289618
Uganda,22,All Ages,Number,25951.08349,28884.34917,23177.22931
Uganda,22,All Ages,Percent,9.88E-05,0.000112108,8.67E-05
Uganda,22,All Ages,Rate,66.40777456,73.91388296,59.30959374
Uganda,158,<20 years,Number,3956.317972,5020.598118,2969.503783
Uganda,158,<20 years,Percent,2.39E-05,3.07E-05,1.79E-05
Uganda,158,<20 years,Rate,17.17274866,21.79235092,12.88939425
China,22,All Ages,Number,4381771.81,4803551.619,3959243.587
China,22,All Ages,Percent,0.000748491,0.000841882,0.000660473
China,22,All Ages,Rate,310.2182402,340.0791723,280.3043224
China,158,<20 years,Number,96985.5603,120939.6837,75340.63073
China,158,<20 years,Percent,6.77E-05,8.60E-05,5.14E-05
China,158,<20 years,Rate,32.01259884,39.91927835,24.86812863
Central African Republic,22,All Ages,Number,5982.521733,6712.929742,5283.900146
Central African Republic,22,All Ages,Percent,0.000172711,0.000198744,0.000149448
Central African Republic,22,All Ages,Rate,129.42136,145.2224556,114.3079079
Central African Republic,158,<20 years,Number,578.480555,740.6790119,431.1524238
Central African Republic,158,<20 years,Percent,2.96E-05,3.84E-05,2.15E-05
Central African Republic,158,<20 years,Rate,24.61257301,31.51361977,18.34421298
Mali,22,All Ages,Number,25610.2146,28458.36595,22791.36142
Mali,22,All Ages,Percent,0.000220209,0.00024738,0.000193566
Mali,22,All Ages,Rate,126.4469232,140.50928,112.5292221
Mali,158,<20 years,Number,3126.969079,3965.391371,2385.40908
Mali,158,<20 years,Percent,4.43E-05,5.70E-05,3.34E-05
Mali,158,<20 years,Rate,26.3737847,33.44528699,20.11924771
Papua New Guinea,22,All Ages,Number,31296.54416,34391.25084,28447.42911
Papua New Guinea,22,All Ages,Percent,0.000577804,0.000645977,0.00051527
Papua New Guinea,22,All Ages,Rate,339.164151,372.7018335,308.2879724
Papua New Guinea,158,<20 years,Number,4702.46867,5841.342297,3653.340081
Papua New Guinea,158,<20 years,Percent,0.000167117,0.00021035,0.000128814
Papua New Guinea,158,<20 years,Rate,107.3260809,133.3189905,83.38145357
Solomon Islands,22,All Ages,Number,1137.77049,1258.839194,1023.106814
Solomon Islands,22,All Ages,Percent,0.000298093,0.000337351,0.000265041
Solomon Islands,22,All Ages,Rate,178.4439291,197.4319195,160.4604807
Solomon Islands,158,<20 years,Number,184.0793713,229.7101821,142.4832166
Solomon Islands,158,<20 years,Percent,8.96E-05,0.000111982,6.88E-05
Solomon Islands,158,<20 years,Rate,58.06464276,72.45809004,44.94385771
Congo,22,All Ages,Number,5508.531277,6200.910089,4878.472767
Congo,22,All Ages,Percent,0.000173861,0.000197928,0.000152251
Congo,22,All Ages,Rate,112.1198886,126.2124718,99.29576426
Congo,158,<20 years,Number,415.661638,532.3946704,312.5601988
Congo,158,<20 years,Percent,2.51E-05,3.30E-05,1.88E-05
Congo,158,<20 years,Rate,18.02428285,23.08616252,13.55350823
Puerto Rico,22,All Ages,Number,9251.65914,10586.73938,8089.322669
Puerto Rico,22,All Ages,Percent,0.000497217,0.000577765,0.000427561
Puerto Rico,22,All Ages,Rate,252.3719591,288.7910285,220.6650914
Puerto Rico,158,<20 years,Number,120.6289787,159.9970032,82.8512538
Puerto Rico,158,<20 years,Percent,2.63E-05,3.63E-05,1.80E-05
Puerto Rico,158,<20 years,Rate,14.23622592,18.88230762,9.777826022
North Korea,22,All Ages,Number,150606.9731,165596.8411,135140.1411
North Korea,22,All Ages,Percent,0.001276982,0.0014275,0.001121009
North Korea,22,All Ages,Rate,585.640079,643.9286645,525.4968031
North Korea,158,<20 years,Number,6457.261452,8137.207555,4845.926484
North Korea,158,<20 years,Percent,0.000182091,0.00023514,0.000136539
North Korea,158,<20 years,Rate,97.40814595,122.7502258,73.10106888
Norway,22,All Ages,Number,16440.82875,18215.77996,14851.62475
Norway,22,All Ages,Percent,0.000569849,0.000649448,0.000500266
Norway,22,All Ages,Rate,312.374562,346.0985072,282.1798005
Norway,158,<20 years,Number,286.818927,362.9507076,215.9792365
Norway,158,<20 years,Percent,3.31E-05,4.36E-05,2.44E-05
Norway,158,<20 years,Rate,22.72992597,28.76324376,17.11599757
Nicaragua,22,All Ages,Number,9656.214024,10892.14418,8573.391667
Nicaragua,22,All Ages,Percent,0.000289556,0.000331702,0.00025121
Nicaragua,22,All Ages,Rate,150.9592511,170.2810153,134.0310791
Nicaragua,158,<20 years,Number,490.7797995,634.7438878,366.9915972
Nicaragua,158,<20 years,Percent,3.21E-05,4.23E-05,2.35E-05
Nicaragua,158,<20 years,Rate,18.59212165,24.04588696,13.90267576
Equatorial Guinea,22,All Ages,Number,952.8100824,1072.868134,843.352307
Equatorial Guinea,22,All Ages,Percent,0.000106115,0.000120856,9.27E-05
Equatorial Guinea,22,All Ages,Rate,70.83926992,79.76531389,62.70133242
Equatorial Guinea,158,<20 years,Number,102.4676656,136.1545648,71.86370161
Equatorial Guinea,158,<20 years,Percent,1.93E-05,2.62E-05,1.33E-05
Equatorial Guinea,158,<20 years,Rate,13.98883589,18.58775499,9.810797603
"Virgin Islands, U.S.",22,All Ages,Number,229.9218233,268.5337711,198.3789461
"Virgin Islands, U.S.",22,All Ages,Percent,0.000422691,0.000502984,0.000355931
"Virgin Islands, U.S.",22,All Ages,Rate,219.072584,255.8625636,189.0181094
"Virgin Islands, U.S.",158,<20 years,Number,3.58582377,4.754152677,2.482737036
"Virgin Islands, U.S.",158,<20 years,Percent,2.37E-05,3.22E-05,1.65E-05
"Virgin Islands, U.S.",158,<20 years,Rate,13.28930186,17.61920666,9.201188916
Singapore,22,All Ages,Number,6831.371536,7883.49964,5893.45027
Singapore,22,All Ages,Percent,0.00027549,0.000322097,0.000231454
Singapore,22,All Ages,Rate,122.6792662,141.5736131,105.8358706
Singapore,158,<20 years,Number,111.4714573,147.526629,77.27989232
Singapore,158,<20 years,Percent,1.67E-05,2.32E-05,1.13E-05
Singapore,158,<20 years,Rate,9.443259956,12.49765942,6.546735193
Nigeria,22,All Ages,Number,206111.2268,228952.8677,184616.3887
Nigeria,22,All Ages,Percent,0.000207125,0.00023251,0.000183206
Nigeria,22,All Ages,Rate,100.0112961,111.0947395,89.58136152
Nigeria,158,<20 years,Number,23322.14419,29797.89186,17463.72588
Nigeria,158,<20 years,Percent,4.15E-05,5.40E-05,3.07E-05
Nigeria,158,<20 years,Rate,20.34146488,25.98958166,15.23177988
Palestine,22,All Ages,Number,4647.931596,5204.581242,4137.085809
Palestine,22,All Ages,Percent,0.000180814,0.000206772,0.000158726
Palestine,22,All Ages,Rate,95.79223022,107.264583,85.26387881
Palestine,158,<20 years,Number,914.828095,1154.891655,704.3455922
Palestine,158,<20 years,Percent,6.51E-05,8.35E-05,4.94E-05
Palestine,158,<20 years,Rate,38.85333103,49.04898309,29.91400527
Belize,22,All Ages,Number,478.0586257,540.2415756,425.2931555
Belize,22,All Ages,Percent,0.00024148,0.000277972,0.000210524
Belize,22,All Ages,Rate,121.0402366,136.7844123,107.680484
Belize,158,<20 years,Number,30.60947687,39.95613835,22.81871955
Belize,158,<20 years,Percent,3.45E-05,4.65E-05,2.50E-05
Belize,158,<20 years,Rate,18.45843165,24.09474856,13.76037157
Oman,22,All Ages,Number,4302.795343,4975.40461,3708.398938
Oman,22,All Ages,Percent,0.000189793,0.000222111,0.000161545
Oman,22,All Ages,Rate,94.86266878,109.6915195,81.75815769
Oman,158,<20 years,Number,344.7368491,429.7404696,262.5294343
Oman,158,<20 years,Percent,4.61E-05,5.91E-05,3.50E-05
Oman,158,<20 years,Rate,28.14909029,35.089963,21.43653854
Australia,22,All Ages,Number,66896.29637,76485.93308,58434.49776
Australia,22,All Ages,Percent,0.00062193,0.000726201,0.000530725
Australia,22,All Ages,Rate,279.3971872,319.4489938,244.0558774
Australia,158,<20 years,Number,897.3545405,1165.608578,643.621818
Australia,158,<20 years,Percent,2.91E-05,3.93E-05,2.07E-05
Australia,158,<20 years,Rate,15.08912217,19.59984537,10.82257659
Taiwan (Province of China),22,All Ages,Number,114756.1569,129301.5128,101368.2561
Taiwan (Province of China),22,All Ages,Percent,0.001133536,0.001299818,0.000979018
Taiwan (Province of China),22,All Ages,Rate,486.6028289,548.2797927,429.8338453
Taiwan (Province of China),158,<20 years,Number,4310.836244,5465.978284,3305.366326
Taiwan (Province of China),158,<20 years,Percent,0.000201055,0.000259358,0.000150858
Taiwan (Province of China),158,<20 years,Rate,96.75067244,122.6762151,74.18431056
Vanuatu,22,All Ages,Number,628.0031745,691.6059927,564.6288344
Vanuatu,22,All Ages,Percent,0.000383165,0.000432011,0.000340263
Vanuatu,22,All Ages,Rate,218.3844485,240.5019583,196.3463906
Vanuatu,158,<20 years,Number,89.81317254,113.1413235,68.76154928
Vanuatu,158,<20 years,Percent,0.000105874,0.000135461,8.10E-05
Vanuatu,158,<20 years,Rate,64.63541826,81.42387763,49.48529678
Zambia,22,All Ages,Number,12759.90588,14253.62981,11371.09417
Zambia,22,All Ages,Percent,0.000112885,0.000128021,9.94E-05
Zambia,22,All Ages,Rate,73.48445775,82.08683254,65.48627373
Zambia,158,<20 years,Number,1624.828232,2079.582943,1221.949194
Zambia,158,<20 years,Percent,2.46E-05,3.20E-05,1.83E-05
Zambia,158,<20 years,Rate,17.00584357,21.7654159,12.78921454
Samoa,22,All Ages,Number,379.86568,421.3451535,338.9405241
Samoa,22,All Ages,Percent,0.000328043,0.000373081,0.000286497
Samoa,22,All Ages,Rate,190.9655988,211.8181078,170.3917557
Samoa,158,<20 years,Number,56.71408322,69.21769424,44.92373349
Samoa,158,<20 years,Percent,9.36E-05,0.000116838,7.24E-05
Samoa,158,<20 years,Rate,59.21613788,72.27137059,46.90563341
Honduras,22,All Ages,Number,15884.16382,17829.6245,14141.85005
Honduras,22,All Ages,Percent,0.00028663,0.000325651,0.000249985
Honduras,22,All Ages,Rate,167.2225896,187.7036786,148.880156
Honduras,158,<20 years,Number,938.0689631,1189.520375,700.1050028
Honduras,158,<20 years,Percent,3.37E-05,4.40E-05,2.49E-05
Honduras,158,<20 years,Rate,21.49351135,27.25489351,16.04116053
Netherlands,22,All Ages,Number,56041.29286,63485.81027,48927.48894
Netherlands,22,All Ages,Percent,0.00068996,0.000799515,0.000587459
Netherlands,22,All Ages,Rate,329.0913842,372.8078371,287.3169807
Netherlands,158,<20 years,Number,800.1987391,1056.172779,567.1101913
Netherlands,158,<20 years,Percent,3.64E-05,4.97E-05,2.53E-05
Netherlands,158,<20 years,Rate,21.05533402,27.79068443,14.92216111
Niger,22,All Ages,Number,20666.01111,22939.65507,18342.23454
Niger,22,All Ages,Percent,0.000162875,0.000183709,0.00014324
Niger,22,All Ages,Rate,96.67881492,107.3152751,85.80782666
Democratic Republic of the Congo,22,All Ages,Number,91919.46497,102596.3565,81425.9147
Democratic Republic of the Congo,22,All Ages,Percent,0.00017335,0.000196393,0.000152499
Democratic Republic of the Congo,22,All Ages,Rate,113.6426275,126.8427696,100.6691553
Democratic Republic of the Congo,158,<20 years,Number,10064.37659,12749.1928,7716.076033
Democratic Republic of the Congo,158,<20 years,Percent,3.20E-05,4.12E-05,2.42E-05
Democratic Republic of the Congo,158,<20 years,Rate,22.99547056,29.12984079,17.6299841
Dominica,22,All Ages,Number,119.5641627,135.3297376,104.8488265
Dominica,22,All Ages,Percent,0.000344921,0.000396049,0.000296816
Dominica,22,All Ages,Rate,173.4495294,196.3203587,152.1022621
Dominica,158,<20 years,Number,3.103516184,4.061954462,2.195521016
Dominica,158,<20 years,Percent,2.77E-05,3.76E-05,1.91E-05
Dominica,158,<20 years,Rate,14.93152197,19.54272467,10.5630093
Sao Tome and Principe,22,All Ages,Number,279.4093121,310.6985572,251.8684272
Sao Tome and Principe,22,All Ages,Percent,0.00025691,0.000290355,0.00022705
Sao Tome and Principe,22,All Ages,Rate,139.5609234,155.1894503,125.8046485
Sao Tome and Principe,158,<20 years,Number,24.08801002,30.42350128,18.28606897
Sao Tome and Principe,158,<20 years,Percent,4.33E-05,5.65E-05,3.27E-05
Sao Tome and Principe,158,<20 years,Rate,24.55349321,31.0114132,18.63943388
Sudan,22,All Ages,Number,45334.2862,50272.85664,40684.90343
Sudan,22,All Ages,Percent,0.00018731,0.000211102,0.00016606
Sudan,22,All Ages,Rate,112.6162369,124.8842853,101.0665681
Sudan,158,<20 years,Number,9099.021098,11378.37617,6969.18254
Sudan,158,<20 years,Percent,6.19E-05,7.85E-05,4.69E-05
Sudan,158,<20 years,Rate,43.23869233,54.07022374,33.11766578
Saudi Arabia,22,All Ages,Number,37235.35683,42280.50006,32820.5714
Saudi Arabia,22,All Ages,Percent,0.000219608,0.000254853,0.000190921
Saudi Arabia,22,All Ages,Rate,108.1038753,122.7512315,95.2866109
Saudi Arabia,158,<20 years,Number,3213.6923,4187.634362,2319.434429
Saudi Arabia,158,<20 years,Percent,5.58E-05,7.43E-05,4.01E-05
Saudi Arabia,158,<20 years,Rate,31.85433888,41.50811951,22.99039341
Mexico,22,All Ages,Number,255866.7052,281041.3016,231744.3121
Mexico,22,All Ages,Percent,0.00041816,0.000468981,0.000369168
Mexico,22,All Ages,Rate,202.1547534,222.0446579,183.096172
Mexico,158,<20 years,Number,7868.650452,9899.225752,6095.078186
Mexico,158,<20 years,Percent,3.14E-05,4.08E-05,2.38E-05
Mexico,158,<20 years,Rate,17.07713268,21.4840388,13.22799374
Macedonia,22,All Ages,Number,8873.01949,10221.51875,7628.340775
Macedonia,22,All Ages,Percent,0.000927269,0.001079924,0.000780263
Macedonia,22,All Ages,Rate,407.9871254,469.9919862,350.756
Macedonia,158,<20 years,Number,109.5010841,143.5867528,80.07586148
Macedonia,158,<20 years,Percent,4.51E-05,6.06E-05,3.29E-05
Macedonia,158,<20 years,Rate,23.08403277,30.26966659,16.88087224
Burundi,22,All Ages,Number,8427.452517,9357.188697,7489.097697
Burundi,22,All Ages,Percent,0.000144731,0.000163245,0.00012707
Burundi,22,All Ages,Rate,77.27769898,85.80315462,68.67321249
Burundi,158,<20 years,Number,1081.031636,1358.853685,827.4916959
Burundi,158,<20 years,Percent,3.12E-05,3.95E-05,2.38E-05
Burundi,158,<20 years,Rate,17.79712389,22.37093401,13.62307239
Hungary,22,All Ages,Number,54911.78253,62776.11769,47852.62704
Hungary,22,All Ages,Percent,0.001179947,0.0013571,0.001009991
Hungary,22,All Ages,Rate,564.5083456,645.355891,491.9382704
Hungary,158,<20 years,Number,416.9958776,545.7362503,301.0389915
Hungary,158,<20 years,Percent,3.93E-05,5.23E-05,2.83E-05
Hungary,158,<20 years,Rate,22.03467033,28.83749938,15.90733935
Niger,158,<20 years,Number,3034.091112,3786.096086,2345.250121
Niger,158,<20 years,Percent,3.72E-05,4.73E-05,2.87E-05
Niger,158,<20 years,Rate,22.80513276,28.45742619,17.62759864
Namibia,22,All Ages,Number,4801.883276,5379.452215,4251.061093
Namibia,22,All Ages,Percent,0.000346793,0.000392613,0.000304487
Namibia,22,All Ages,Rate,204.0313585,228.5721831,180.6269998
Namibia,158,<20 years,Number,303.7382818,396.0602418,219.3761443
Namibia,158,<20 years,Percent,4.48E-05,5.90E-05,3.24E-05
Namibia,158,<20 years,Rate,28.48039972,37.13708372,20.57007843
Romania,22,All Ages,Number,90224.39277,104412.1266,78647.24263
Romania,22,All Ages,Percent,0.001010608,0.001185825,0.000863434
Romania,22,All Ages,Rate,464.2661282,537.2717095,404.693783
Romania,158,<20 years,Number,822.7638457,1087.135963,603.7403087
Romania,158,<20 years,Percent,3.68E-05,4.91E-05,2.67E-05
Romania,158,<20 years,Rate,19.95206105,26.36309703,14.64073022
Syria,22,All Ages,Number,28124.34443,31263.87181,24873.90883
Syria,22,All Ages,Percent,0.000297995,0.000338309,0.00025845
Syria,22,All Ages,Rate,155.1157908,172.4314041,137.1884791
Syria,158,<20 years,Number,5386.90379,6887.638841,4060.02744
Syria,158,<20 years,Percent,0.000111335,0.000146195,8.28E-05
Syria,158,<20 years,Rate,64.15516904,82.02812809,48.35277496
Botswana,22,All Ages,Number,4830.927377,5449.018674,4268.215
Botswana,22,All Ages,Percent,0.00039145,0.00044554,0.000339666
Botswana,22,All Ages,Rate,211.7116469,238.7990188,187.0512133
Botswana,158,<20 years,Number,246.5636733,319.2637389,178.8714855
Botswana,158,<20 years,Percent,4.69E-05,6.18E-05,3.39E-05
Botswana,158,<20 years,Rate,27.16835774,35.17903249,19.70949104
Qatar,22,All Ages,Number,3953.135715,4666.619275,3361.70961
Qatar,22,All Ages,Percent,0.000319121,0.000379801,0.000264787
Qatar,22,All Ages,Rate,143.8910989,169.8613516,122.3636436
Qatar,158,<20 years,Number,195.6883874,248.6929803,148.4087912
Qatar,158,<20 years,Percent,7.21E-05,9.43E-05,5.42E-05
Qatar,158,<20 years,Rate,39.91961842,50.73233527,30.27477712
Cuba,22,All Ages,Number,29140.10167,33165.82817,25803.14415
Cuba,22,All Ages,Percent,0.000543132,0.000625985,0.000471644
Cuba,22,All Ages,Rate,256.1391374,291.5249478,226.8075506
Cuba,158,<20 years,Number,462.0500758,605.6435456,339.2971628
Cuba,158,<20 years,Percent,3.55E-05,4.82E-05,2.56E-05
Cuba,158,<20 years,Rate,18.12505645,23.75786528,13.30976998
South Sudan,22,All Ages,Number,8166.972621,9157.391943,7237.581637
South Sudan,22,All Ages,Percent,0.00012517,0.00014263,0.000109661
South Sudan,22,All Ages,Rate,82.15435842,92.11732362,72.80529806
South Sudan,158,<20 years,Number,1047.354072,1315.362885,797.3986229
South Sudan,158,<20 years,Percent,2.59E-05,3.32E-05,1.95E-05
South Sudan,158,<20 years,Rate,18.09290214,22.72271871,13.77495504
Sweden,22,All Ages,Number,36548.4323,40869.22818,33090.18908
Sweden,22,All Ages,Percent,0.000711759,0.00081377,0.000623022
Sweden,22,All Ages,Rate,363.8471388,406.861548,329.4196184
Sweden,158,<20 years,Number,638.6950011,805.9676511,482.670287
Sweden,158,<20 years,Percent,4.46E-05,5.84E-05,3.30E-05
Sweden,158,<20 years,Rate,27.66875761,34.91513717,20.90964725
Tonga,22,All Ages,Number,184.2568777,203.3636739,166.1451077
Tonga,22,All Ages,Percent,0.000313847,0.000354114,0.000278737
Tonga,22,All Ages,Rate,179.171896,197.7513974,161.559961
Tonga,158,<20 years,Number,23.73246386,29.40436013,18.71214813
Tonga,158,<20 years,Percent,8.45E-05,0.000105954,6.56E-05
Tonga,158,<20 years,Rate,51.75266453,64.12119679,40.80501419
Grenada,22,All Ages,Number,208.0435358,237.9723788,182.3454788
Grenada,22,All Ages,Percent,0.000355666,0.000410267,0.000304916
Grenada,22,All Ages,Rate,187.6317759,214.6242126,164.4550305
Grenada,158,<20 years,Number,5.567043941,7.280876684,4.099861333
Grenada,158,<20 years,Percent,2.90E-05,3.88E-05,2.08E-05
Grenada,158,<20 years,Rate,16.54273975,21.63547645,12.18293582
Malaysia,22,All Ages,Number,40862.09098,45909.49837,35941.65364
Malaysia,22,All Ages,Percent,0.000275178,0.000314806,0.000238032
Malaysia,22,All Ages,Rate,133.3626655,149.8360198,117.3037066
Malaysia,158,<20 years,Number,2162.970703,2797.989743,1568.196666
Malaysia,158,<20 years,Percent,3.84E-05,5.11E-05,2.77E-05
Malaysia,158,<20 years,Rate,20.56194598,26.59865614,14.90781872
Sierra Leone,22,All Ages,Number,9072.171398,10095.58935,8064.286373
Sierra Leone,22,All Ages,Percent,0.000208467,0.000234008,0.000183595
Sierra Leone,22,All Ages,Rate,115.8679734,128.9388645,102.9954658
Sierra Leone,158,<20 years,Number,988.8170071,1261.185278,743.9542097
Sierra Leone,158,<20 years,Percent,4.12E-05,5.30E-05,3.06E-05
Sierra Leone,158,<20 years,Rate,24.11234566,30.75405779,18.14135571
Slovakia,22,All Ages,Number,21205.09471,24448.13091,18345.52206
Slovakia,22,All Ages,Percent,0.000862503,0.001005242,0.000729292
Slovakia,22,All Ages,Rate,391.2949329,451.13827,338.5276001
Slovakia,158,<20 years,Number,205.5464564,267.025675,150.1093586
Slovakia,158,<20 years,Percent,3.47E-05,4.64E-05,2.52E-05
Slovakia,158,<20 years,Rate,18.58855261,24.14841342,13.57510977
Portugal,22,All Ages,Number,31963.1647,36613.1596,28189.19633
Portugal,22,All Ages,Percent,0.000636493,0.000743416,0.000545436
Portugal,22,All Ages,Rate,299.2326144,342.7649161,263.901494
Portugal,158,<20 years,Number,397.5335716,528.9522107,279.861613
Portugal,158,<20 years,Percent,3.43E-05,4.69E-05,2.35E-05
Portugal,158,<20 years,Rate,19.55626634,26.02127481,13.76751206
Belgium,22,All Ages,Number,46269.22004,52131.97066,40961.32696
Belgium,22,All Ages,Percent,0.000837509,0.000974763,0.000719684
Belgium,22,All Ages,Rate,408.7599673,460.5537462,361.8680119
Belgium,158,<20 years,Number,765.2416609,994.0002947,554.5146082
Belgium,158,<20 years,Percent,5.04E-05,6.79E-05,3.62E-05
Belgium,158,<20 years,Rate,30.04157721,39.02209998,21.76893166
Laos,22,All Ages,Number,13833.63889,15445.39167,12231.41866
Laos,22,All Ages,Percent,0.000387798,0.000437952,0.000337837
Laos,22,All Ages,Rate,198.4689939,221.592552,175.4821977
Laos,158,<20 years,Number,1160.097006,1492.506016,855.0595024
Laos,158,<20 years,Percent,7.17E-05,9.47E-05,5.19E-05
Laos,158,<20 years,Rate,39.07553003,50.27205768,28.80095637
Indonesia,22,All Ages,Number,462161.0449,508410.9671,415787.2995
Indonesia,22,All Ages,Percent,0.000321847,0.000363144,0.000283275
Indonesia,22,All Ages,Rate,179.0387317,196.9557056,161.0737892
Indonesia,158,<20 years,Number,25968.69013,32174.79636,20240.00984
Indonesia,158,<20 years,Percent,4.56E-05,5.81E-05,3.50E-05
Indonesia,158,<20 years,Rate,28.43990975,35.23659839,22.16607962
Turkey,22,All Ages,Number,224383.5592,246547.6672,203155.6549
Turkey,22,All Ages,Percent,0.000536694,0.000601728,0.000474514
Turkey,22,All Ages,Rate,278.8868277,306.4346472,252.5026181
Turkey,158,<20 years,Number,22728.88492,29209.08443,17250.58443
Turkey,158,<20 years,Percent,0.000149784,0.000196604,0.000111779
Turkey,158,<20 years,Rate,91.13300168,117.1158,69.16738527
New Zealand,22,All Ages,Number,13425.90482,14955.48359,11997.83798
New Zealand,22,All Ages,Percent,0.000634023,0.000722584,0.000549495
New Zealand,22,All Ages,Rate,301.815935,336.2010474,269.7128228
New Zealand,158,<20 years,Number,192.2075258,242.3258458,143.7309045
New Zealand,158,<20 years,Percent,3.04E-05,4.04E-05,2.20E-05
New Zealand,158,<20 years,Rate,16.16829393,20.38419403,12.09049178
Zimbabwe,22,All Ages,Number,27048.91924,30156.13909,24226.8522
Zimbabwe,22,All Ages,Percent,0.000312537,0.000352357,0.000274941
Zimbabwe,22,All Ages,Rate,183.8342452,204.9520359,164.6544562
Zimbabwe,158,<20 years,Number,2547.358443,3282.273373,1873.604116
Zimbabwe,158,<20 years,Percent,5.29E-05,6.88E-05,3.87E-05
Zimbabwe,158,<20 years,Rate,33.5325496,43.20671674,24.66347958
Cambodia,22,All Ages,Number,28898.72955,32508.60814,25432.23689
Cambodia,22,All Ages,Percent,0.000366398,0.000416366,0.000317
Cambodia,22,All Ages,Rate,179.2460163,201.6364939,157.7448981
Cambodia,158,<20 years,Number,2252.809206,2895.944563,1676.885986
Cambodia,158,<20 years,Percent,6.48E-05,8.38E-05,4.79E-05
Cambodia,158,<20 years,Rate,34.66541074,44.56174429,25.80331318
Senegal,22,All Ages,Number,16008.38997,17904.50098,14234.62827
Senegal,22,All Ages,Percent,0.000187931,0.000212585,0.000165108
Senegal,22,All Ages,Rate,108.9893318,121.8985546,96.91309536
Senegal,158,<20 years,Number,1584.907897,2024.347075,1191.99519
Senegal,158,<20 years,Percent,3.36E-05,4.38E-05,2.50E-05
Senegal,158,<20 years,Rate,20.54020975,26.23528699,15.44810981
Poland,22,All Ages,Number,179199.9026,206499.3222,155175.3535
Poland,22,All Ages,Percent,0.001056276,0.001232782,0.000898384
Poland,22,All Ages,Rate,466.7507593,537.8558473,404.1755215
Poland,158,<20 years,Number,1626.49227,2115.083993,1203.034076
Poland,158,<20 years,Percent,4.12E-05,5.47E-05,3.01E-05
Poland,158,<20 years,Rate,21.19422464,27.56088431,15.67629611
Ethiopia,22,All Ages,Number,60329.2343,66244.43357,54479.93646
Ethiopia,22,All Ages,Percent,0.000106366,0.00011911,9.50E-05
Ethiopia,22,All Ages,Rate,58.63814634,64.38753675,52.9528101
Ethiopia,158,<20 years,Number,8976.740198,11147.08924,6957.984554
Ethiopia,158,<20 years,Percent,2.74E-05,3.44E-05,2.11E-05
Ethiopia,158,<20 years,Rate,15.71737814,19.51744318,12.18273804
Lesotho,22,All Ages,Number,5398.34492,5974.45154,4833.11172
Lesotho,22,All Ages,Percent,0.000476898,0.000535237,0.000421479
Lesotho,22,All Ages,Rate,277.182441,306.7631072,248.1600794
Lesotho,158,<20 years,Number,330.6517691,436.6703686,241.5334764
Lesotho,158,<20 years,Percent,6.31E-05,8.48E-05,4.56E-05
Lesotho,158,<20 years,Rate,38.65932545,51.05486638,28.23974387
Montenegro,22,All Ages,Number,2284.346916,2627.535627,1969.196538
Montenegro,22,All Ages,Percent,0.000838423,0.000976237,0.000710544
Montenegro,22,All Ages,Rate,364.7264064,419.5210544,314.4084515
Montenegro,158,<20 years,Number,34.92659271,46.36276669,25.40923348
Montenegro,158,<20 years,Percent,4.68E-05,6.26E-05,3.35E-05
Montenegro,158,<20 years,Rate,22.60600131,30.0079877,16.4459548
Myanmar,158,<20 years,Rate,37.90376985,48.7472854,27.89676164
Maldives,22,All Ages,Number,586.099964,654.2596741,520.4431337
Maldives,22,All Ages,Percent,0.000274003,0.000311002,0.000238586
Maldives,22,All Ages,Rate,127.8017544,142.6642882,113.4849849
Maldives,158,<20 years,Number,27.47127605,35.56725784,20.56212665
Maldives,158,<20 years,Percent,4.05E-05,5.29E-05,2.97E-05
Maldives,158,<20 years,Rate,20.77731083,26.90053313,15.55172377
Denmark,22,All Ages,Number,20101.86232,22750.12984,17788.68034
Denmark,22,All Ages,Percent,0.000710078,0.000822676,0.000614317
Denmark,22,All Ages,Rate,350.6784177,396.877633,310.3247937
Denmark,158,<20 years,Number,261.245908,344.854894,186.9477778
Denmark,158,<20 years,Percent,3.34E-05,4.53E-05,2.35E-05
Denmark,158,<20 years,Rate,20.01255934,26.41736701,14.32100325
Panama,22,All Ages,Number,6911.740139,7808.055193,6106.414471
Panama,22,All Ages,Percent,0.000311234,0.0003566,0.000270833
Panama,22,All Ages,Rate,176.2711809,199.1300427,155.7328354
Panama,158,<20 years,Number,200.8896333,261.976896,143.2598403
Panama,158,<20 years,Percent,2.27E-05,3.05E-05,1.60E-05
Panama,158,<20 years,Rate,14.12379069,18.41860521,10.07205781
Yemen,22,All Ages,Number,36559.56525,40557.54249,32648.69331
Yemen,22,All Ages,Percent,0.000173111,0.000195788,0.00015282
Yemen,22,All Ages,Rate,120.0675687,133.1975773,107.2236281
Yemen,158,<20 years,Number,7504.193522,9629.097237,5725.474672
Yemen,158,<20 years,Percent,5.76E-05,7.48E-05,4.32E-05
Yemen,158,<20 years,Rate,46.52686242,59.70150971,35.49860109
Dominican Republic,22,All Ages,Number,14624.50654,16530.79839,12953.17372
Dominican Republic,22,All Ages,Percent,0.000275585,0.000315492,0.000237089
Dominican Republic,22,All Ages,Rate,139.924003,158.1629764,123.9330649
Dominican Republic,158,<20 years,Number,669.9477183,871.8079238,493.8658962
Dominican Republic,158,<20 years,Percent,3.17E-05,4.22E-05,2.29E-05
Dominican Republic,158,<20 years,Rate,17.66305006,22.98505776,13.02068476
Spain,22,All Ages,Number,154878.4933,173925.1068,139320.3757
Spain,22,All Ages,Percent,0.000704686,0.000805891,0.000614493
Spain,22,All Ages,Rate,333.8674756,374.9257571,300.3292526
Spain,158,<20 years,Number,1988.917387,2608.97797,1468.65866
Spain,158,<20 years,Percent,3.74E-05,5.07E-05,2.61E-05
Spain,158,<20 years,Rate,21.74011681,28.51776861,16.05336201
Andorra,22,All Ages,Number,255.626859,293.0275532,223.0526683
Andorra,22,All Ages,Percent,0.000664963,0.000771997,0.000565484
Andorra,22,All Ages,Rate,319.669427,366.4401713,278.934377
Andorra,158,<20 years,Number,3.631907134,4.796502581,2.55989261
Andorra,158,<20 years,Percent,4.03E-05,5.45E-05,2.84E-05
Andorra,158,<20 years,Rate,23.72909192,31.33798481,16.72507716
Kenya,22,All Ages,Number,36227.56489,39901.06077,32482.31364
Kenya,22,All Ages,Percent,0.000121365,0.000136965,0.000107188
Kenya,22,All Ages,Rate,74.96375234,82.56511986,67.21390528
Kenya,158,<20 years,Number,3948.358982,4961.228516,3018.567704
Kenya,158,<20 years,Percent,2.43E-05,3.12E-05,1.82E-05
Kenya,158,<20 years,Rate,15.93461934,20.02231515,12.18220722
Haiti,22,All Ages,Number,17887.35229,20041.85554,15862.35195
Haiti,22,All Ages,Percent,0.000252202,0.000287234,0.00021953
Haiti,22,All Ages,Rate,151.2693571,169.4895115,134.1443799
Haiti,158,<20 years,Number,1257.75256,1592.741787,951.2973469
Haiti,158,<20 years,Percent,3.64E-05,4.72E-05,2.73E-05
Haiti,158,<20 years,Rate,24.04992818,30.45537479,18.19009049
Gabon,22,All Ages,Number,1704.396217,1899.671157,1502.075846
Gabon,22,All Ages,Percent,0.000154585,0.000175948,0.00013445
Gabon,22,All Ages,Rate,100.0984547,111.5668678,88.21626666
Gabon,158,<20 years,Number,112.8778774,146.3978169,80.51289341
Gabon,158,<20 years,Percent,2.05E-05,2.75E-05,1.46E-05
Gabon,158,<20 years,Rate,15.03174523,19.49553568,10.72175815
Djibouti,22,All Ages,Number,837.9187758,944.6371921,738.6981386
Djibouti,22,All Ages,Percent,0.000145178,0.000166106,0.000126039
Djibouti,22,All Ages,Rate,75.27791087,84.86540271,66.36401313
Djibouti,158,<20 years,Number,65.38120482,83.89105135,46.43207576
Djibouti,158,<20 years,Percent,2.44E-05,3.19E-05,1.70E-05
Djibouti,158,<20 years,Rate,13.70867033,17.58968452,9.735550469
Argentina,22,All Ages,Number,107106.0077,121407.2485,94654.78209
Argentina,22,All Ages,Percent,0.000514808,0.000595509,0.000445916
Argentina,22,All Ages,Rate,241.960483,274.2680557,213.832233
Argentina,158,<20 years,Number,2557.908796,3304.663544,1884.757728
Argentina,158,<20 years,Percent,3.10E-05,4.14E-05,2.23E-05
Argentina,158,<20 years,Rate,17.95622926,23.19836278,13.2307852
Guyana,22,All Ages,Number,929.7412678,1056.306886,807.0876905
Guyana,22,All Ages,Percent,0.000248211,0.000284579,0.000212527
Guyana,22,All Ages,Rate,125.2510241,142.3014379,108.7276249
Guyana,158,<20 years,Number,49.16462323,63.63074459,35.76552411
Guyana,158,<20 years,Percent,3.17E-05,4.20E-05,2.30E-05
Guyana,158,<20 years,Rate,17.21979743,22.28652353,12.52679345
Venezuela,22,All Ages,Number,68561.99606,77874.81276,60381.82015
Venezuela,22,All Ages,Percent,0.000374127,0.000430658,0.000321557
Venezuela,22,All Ages,Rate,222.3747144,252.5800041,195.843044
Venezuela,158,<20 years,Number,2105.167134,2698.618716,1591.298495
Venezuela,158,<20 years,Percent,3.00E-05,3.96E-05,2.20E-05
Venezuela,158,<20 years,Rate,19.87739584,25.48088062,15.02534861
Azerbaijan,22,All Ages,Number,23483.43028,27125.6025,20249.43128
Azerbaijan,22,All Ages,Percent,0.000606204,0.000699103,0.000518812
Azerbaijan,22,All Ages,Rate,229.6663377,265.2865323,198.0380493
Azerbaijan,158,<20 years,Number,849.3461525,1072.654834,640.1558058
Azerbaijan,158,<20 years,Percent,6.55E-05,8.41E-05,4.89E-05
Azerbaijan,158,<20 years,Rate,27.39539532,34.59814722,20.64802592
Serbia,22,All Ages,Number,47490.03384,54444.46728,41369.97994
Serbia,22,All Ages,Percent,0.001212531,0.001407386,0.001036276
Serbia,22,All Ages,Rate,535.1533385,613.5211133,466.1879786
Serbia,158,<20 years,Number,512.1706106,666.3458053,373.2765426
Serbia,158,<20 years,Percent,5.06E-05,6.70E-05,3.65E-05
Serbia,158,<20 years,Rate,25.26466533,32.86991368,18.41321374
American Samoa,22,All Ages,Number,101.6836935,114.1464868,89.10230813
American Samoa,22,All Ages,Percent,0.000326233,0.000371764,0.000281275
American Samoa,22,All Ages,Rate,182.7831778,205.1858746,160.1673038
American Samoa,158,<20 years,Number,12.68001613,15.67659244,9.936273969
American Samoa,158,<20 years,Percent,8.85E-05,0.000110977,6.79E-05
American Samoa,158,<20 years,Rate,53.09336392,65.64053383,41.60485323
Swaziland,22,All Ages,Number,1967.404756,2206.844131,1752.928856
Swaziland,22,All Ages,Percent,0.000306797,0.000347644,0.000270085
Swaziland,22,All Ages,Rate,174.9682093,196.2623932,155.8941148
Swaziland,158,<20 years,Number,134.4033885,175.0588752,97.90428867
Swaziland,158,<20 years,Percent,4.16E-05,5.50E-05,3.01E-05
Swaziland,158,<20 years,Rate,25.05154874,32.62935549,18.24845404
Malawi,22,All Ages,Number,14217.2336,15705.25678,12780.54997
Malawi,22,All Ages,Percent,0.000126526,0.000141677,0.000112298
Malawi,22,All Ages,Rate,82.70056719,91.35628491,74.3434877
Malawi,158,<20 years,Number,1844.713943,2301.386208,1412.048095
Malawi,158,<20 years,Percent,2.75E-05,3.53E-05,2.08E-05
Malawi,158,<20 years,Rate,19.66284796,24.53052804,15.05105283
Switzerland,22,All Ages,Number,26777.94928,30625.01429,23131.93083
Switzerland,22,All Ages,Percent,0.000637999,0.000745096,0.000536985
Switzerland,22,All Ages,Rate,311.621988,356.3912881,269.1923194
Switzerland,158,<20 years,Number,409.8655941,539.6705276,298.0676774
Switzerland,158,<20 years,Percent,4.00E-05,5.43E-05,2.84E-05
Switzerland,158,<20 years,Rate,23.89897599,31.46781083,17.3801177
Bangladesh,22,All Ages,Number,321514.579,357360.9914,288770.4437
Bangladesh,22,All Ages,Percent,0.000356448,0.000402681,0.000313277
Bangladesh,22,All Ages,Rate,204.8111394,227.6460123,183.9524782
Bangladesh,158,<20 years,Number,15974.39992,20518.63897,11904.50761
Bangladesh,158,<20 years,Percent,4.29E-05,5.65E-05,3.17E-05
Bangladesh,158,<20 years,Rate,25.99294098,33.38715535,19.37056573
Uruguay,22,All Ages,Number,10069.3741,11411.83673,8954.182026
Uruguay,22,All Ages,Percent,0.000667967,0.000770124,0.000583896
Uruguay,22,All Ages,Rate,294.2943558,333.530079,261.7009959
Uruguay,158,<20 years,Number,178.235312,234.0212674,130.7726045
Uruguay,158,<20 years,Percent,3.57E-05,4.82E-05,2.56E-05
Uruguay,158,<20 years,Rate,18.36740261,24.11622474,13.47630304
Austria,22,All Ages,Number,36960.17496,42481.67966,32352.72127
Austria,22,All Ages,Percent,0.000845797,0.000990859,0.000719985
Austria,22,All Ages,Rate,420.3303506,483.1237766,367.9319887
Austria,158,<20 years,Number,662.9090176,872.1930141,457.738346
Austria,158,<20 years,Percent,6.24E-05,8.44E-05,4.38E-05
Austria,158,<20 years,Rate,38.52756239,50.69092421,26.60326262
United Arab Emirates,22,All Ages,Number,19742.18067,23611.03887,16262.94993
United Arab Emirates,22,All Ages,Percent,0.000435472,0.000530738,0.000356122
United Arab Emirates,22,All Ages,Rate,202.8146435,242.5600551,167.0719384
United Arab Emirates,158,<20 years,Number,767.3752123,969.0847208,570.3549959
United Arab Emirates,158,<20 years,Percent,8.45E-05,0.000109231,6.34E-05
United Arab Emirates,158,<20 years,Rate,50.56663743,63.8584032,37.5838753
Lithuania,22,All Ages,Number,8546.524366,9843.559171,7407.569246
Lithuania,22,All Ages,Percent,0.000657907,0.000768306,0.00056486
Lithuania,22,All Ages,Rate,300.1258045,345.6733976,260.1294496
Lithuania,158,<20 years,Number,142.585199,186.2274011,102.2109871
Lithuania,158,<20 years,Percent,4.68E-05,6.22E-05,3.37E-05
Lithuania,158,<20 years,Rate,24.95523585,32.5934862,17.88894856
South Africa,22,All Ages,Number,130381.8376,143958.7337,117600.6449
South Africa,22,All Ages,Percent,0.000452216,0.000507717,0.000400976
South Africa,22,All Ages,Rate,237.2612423,261.9676838,214.0027754
South Africa,158,<20 years,Number,5106.276824,6328.495316,3886.001163
South Africa,158,<20 years,Percent,4.79E-05,6.16E-05,3.60E-05
South Africa,158,<20 years,Rate,25.86911599,32.06104663,19.687028
Iraq,22,All Ages,Number,49355.51715,55234.43561,43860.60324
Iraq,22,All Ages,Percent,0.000213062,0.000243222,0.000186953
Iraq,22,All Ages,Rate,113.973337,127.5491233,101.2843063
Iraq,158,<20 years,Number,9871.781339,12649.10893,7546.926081
Iraq,158,<20 years,Percent,8.05E-05,0.000104576,6.07E-05
Iraq,158,<20 years,Rate,47.86140865,61.32674041,36.58980085
Chad,22,All Ages,Number,16137.92935,17964.34561,14429.41393
Chad,22,All Ages,Percent,0.000159481,0.000180844,0.000140614
Chad,22,All Ages,Rate,106.016546,118.0150088,94.79262134
Chad,158,<20 years,Number,2230.133583,2822.481076,1723.20167
Chad,158,<20 years,Percent,3.36E-05,4.26E-05,2.57E-05
Chad,158,<20 years,Rate,23.81180609,30.13647818,18.3991418
Tunisia,22,All Ages,Number,20262.8251,22779.69989,17794.05918
Tunisia,22,All Ages,Percent,0.000360492,0.000412797,0.000311062
Tunisia,22,All Ages,Rate,177.0888009,199.0852569,155.5127969
Tunisia,158,<20 years,Number,1506.61276,1894.219884,1132.087549
Tunisia,158,<20 years,Percent,7.60E-05,9.84E-05,5.53E-05
Tunisia,158,<20 years,Rate,43.28026212,54.41499984,32.52132677
Togo,22,All Ages,Number,8554.523585,9579.481721,7570.213038
Togo,22,All Ages,Percent,0.000183921,0.000208527,0.000161167
Togo,22,All Ages,Rate,113.8170457,127.4540069,100.7208963
Togo,158,<20 years,Number,824.8043122,1041.735842,624.4333212
Togo,158,<20 years,Percent,3.24E-05,4.19E-05,2.43E-05
Togo,158,<20 years,Rate,21.73308041,27.44909124,16.45342947
Iceland,22,All Ages,Number,1034.841565,1171.655214,904.2654961
Iceland,22,All Ages,Percent,0.000622574,0.000723782,0.000530266
Iceland,22,All Ages,Rate,306.6464881,347.1874043,267.9539053
Iceland,158,<20 years,Number,24.57162407,32.02033093,17.69233348
Iceland,158,<20 years,Percent,4.61E-05,6.15E-05,3.29E-05
Iceland,158,<20 years,Rate,27.71067797,36.11096592,19.95254992
Jamaica,22,All Ages,Number,4668.194893,5269.504586,4123.218134
Jamaica,22,All Ages,Percent,0.000355423,0.000407113,0.000307227
Jamaica,22,All Ages,Rate,167.9651463,189.6007192,148.3564747
Jamaica,158,<20 years,Number,166.6585282,218.3474607,124.2716709
Jamaica,158,<20 years,Percent,3.63E-05,4.92E-05,2.58E-05
Jamaica,158,<20 years,Rate,18.71005586,24.51295611,13.95146069
Greenland,22,All Ages,Number,235.9441023,271.0241372,202.5708854
Greenland,22,All Ages,Percent,0.000822142,0.000958386,0.000690737
Greenland,22,All Ages,Rate,420.1633491,482.632997,360.7331601
Greenland,158,<20 years,Number,2.769571163,3.467132804,2.134536778
Greenland,158,<20 years,Percent,3.10E-05,3.95E-05,2.35E-05
Greenland,158,<20 years,Rate,17.84155845,22.33524576,13.7506713
Mozambique,22,All Ages,Number,21925.48899,24291.21584,19613.24439
Mozambique,22,All Ages,Percent,0.000131501,0.000148005,0.000116069
Mozambique,22,All Ages,Rate,72.99905784,80.87554494,65.30063537
Mozambique,158,<20 years,Number,3253.303749,4078.990474,2476.638093
Mozambique,158,<20 years,Percent,3.24E-05,4.19E-05,2.43E-05
Mozambique,158,<20 years,Rate,18.86601444,23.65419866,14.36210499
Myanmar,22,All Ages,Number,153162.9656,171145.6817,137124.5683
Myanmar,22,All Ages,Percent,0.00059261,0.000667613,0.000514098
Myanmar,22,All Ages,Rate,290.1088274,324.1702251,259.7302002
Eritrea,22,All Ages,Number,4289.243136,4814.614505,3793.721347
Eritrea,22,All Ages,Percent,0.00012683,0.000144365,0.000110745
Eritrea,22,All Ages,Rate,73.20365764,82.17006608,64.74668603
Eritrea,158,<20 years,Number,493.1623156,628.4939691,361.1663755
Eritrea,158,<20 years,Percent,2.70E-05,3.53E-05,1.95E-05
Eritrea,158,<20 years,Rate,16.33307653,20.81513484,11.96149394
Timor-Leste,22,All Ages,Number,2064.694506,2303.098837,1842.218405
Timor-Leste,22,All Ages,Percent,0.000308788,0.000351403,0.000268597
Timor-Leste,22,All Ages,Rate,160.3663191,178.8833563,143.086439
Timor-Leste,158,<20 years,Number,203.3930393,257.943932,151.5712899
Timor-Leste,158,<20 years,Percent,5.57E-05,7.23E-05,4.09E-05
Timor-Leste,158,<20 years,Rate,31.13793471,39.48926344,23.20441714
Vietnam,22,All Ages,Number,196991.9496,220588.2982,173557.3177
Vietnam,22,All Ages,Percent,0.000464823,0.000527854,0.000401674
Vietnam,22,All Ages,Rate,204.8995729,229.4431229,180.5242312
Vietnam,158,<20 years,Number,8699.391714,10925.61707,6450.500463
Vietnam,158,<20 years,Percent,6.01E-05,7.82E-05,4.48E-05
Vietnam,158,<20 years,Rate,29.75266954,37.36655214,22.06126761
India,22,All Ages,Number,3705589.428,4020509,3379085.671
India,22,All Ages,Percent,0.000503128,0.000557321,0.000449457
India,22,All Ages,Rate,268.4119825,291.2229788,244.7618932
India,158,<20 years,Number,127382.2435,158334.5293,98942.48088
India,158,<20 years,Percent,4.33E-05,5.54E-05,3.32E-05
India,158,<20 years,Rate,23.90948702,29.71919217,18.57137932
Kyrgyzstan,22,All Ages,Number,11705.92433,13166.20924,10412.24966
Kyrgyzstan,22,All Ages,Percent,0.000513978,0.000580279,0.000450117
Kyrgyzstan,22,All Ages,Rate,183.8075694,206.7371059,163.4941631
Kyrgyzstan,158,<20 years,Number,745.3639965,951.0931387,573.0706678
Kyrgyzstan,158,<20 years,Percent,7.70E-05,9.87E-05,5.89E-05
Kyrgyzstan,158,<20 years,Rate,29.06671196,37.08946292,22.34784631
Brazil,22,All Ages,Number,535481.2962,589513.6206,485980.1357
Brazil,22,All Ages,Percent,0.000505818,0.00056389,0.000450218
Brazil,22,All Ages,Rate,252.8088626,278.3183446,229.438612
Brazil,158,<20 years,Number,15226.88901,19058.81639,11615.06621
Brazil,158,<20 years,Percent,4.23E-05,5.44E-05,3.16E-05
Brazil,158,<20 years,Rate,23.71374905,29.68143977,18.08884041
Myanmar,158,<20 years,Number,7274.33951,9355.383531,5353.834624
Myanmar,158,<20 years,Percent,7.10E-05,9.34E-05,5.21E-05
Kuwait,22,All Ages,Number,5294.712171,6129.603499,4577.231206
Kuwait,22,All Ages,Percent,0.000253103,0.000294766,0.000215566
Kuwait,22,All Ages,Rate,124.2248631,143.8131349,107.3912805
Kuwait,158,<20 years,Number,428.4375151,539.5921803,329.4509067
Kuwait,158,<20 years,Percent,6.79E-05,8.77E-05,5.11E-05
Kuwait,158,<20 years,Rate,39.79074105,50.11412857,30.59745063
Saint Vincent and the Grenadines,22,All Ages,Number,174.410403,198.4384458,152.8238394
Saint Vincent and the Grenadines,22,All Ages,Percent,0.000305076,0.0003522,0.000263152
Saint Vincent and the Grenadines,22,All Ages,Rate,152.841896,173.8985048,133.9248403
Saint Vincent and the Grenadines,158,<20 years,Number,5.742288614,7.434518857,4.15070031
Saint Vincent and the Grenadines,158,<20 years,Percent,2.95E-05,3.92E-05,2.10E-05
Saint Vincent and the Grenadines,158,<20 years,Rate,15.96831631,20.67411736,11.54238317
Paraguay,22,All Ages,Number,11900.23241,13377.3825,10553.26303
Paraguay,22,All Ages,Percent,0.000308207,0.000351236,0.000267333
Paraguay,22,All Ages,Rate,171.6914165,193.0031004,152.2579237
Paraguay,158,<20 years,Number,684.1420254,870.5000134,507.0634867
Paraguay,158,<20 years,Percent,3.89E-05,5.15E-05,2.86E-05
Paraguay,158,<20 years,Rate,24.57242373,31.26586935,18.21226937
United States,22,All Ages,Number,1176514.449,1270798.549,1085687.295
United States,22,All Ages,Percent,0.000720765,0.000798408,0.000644868
United States,22,All Ages,Rate,362.1838393,391.208708,334.2231736
United States,158,<20 years,Number,12726.22246,15259.07527,10331.97091
United States,158,<20 years,Percent,2.82E-05,3.54E-05,2.19E-05
United States,158,<20 years,Rate,15.34602106,18.40028267,12.45889295
Cyprus,22,All Ages,Number,3653.337796,4157.61387,3208.09163
Cyprus,22,All Ages,Percent,0.000589211,0.000687355,0.000503185
Cyprus,22,All Ages,Rate,289.3430047,329.2814836,254.0796727
Cyprus,158,<20 years,Number,66.96012122,89.06662707,49.19939767
Cyprus,158,<20 years,Percent,4.14E-05,5.60E-05,2.97E-05
Cyprus,158,<20 years,Rate,25.1624713,33.46971908,18.48829436
United Kingdom,22,All Ages,Number,276304.7294,307043.1238,250114.118
United Kingdom,22,All Ages,Percent,0.000792113,0.000902311,0.000696783
United Kingdom,22,All Ages,Rate,414.650847,460.7799934,375.3465644
United Kingdom,158,<20 years,Number,4602.447297,5818.341584,3427.130324
United Kingdom,158,<20 years,Percent,4.85E-05,6.42E-05,3.56E-05
United Kingdom,158,<20 years,Rate,29.55417609,37.36192521,22.00699031
Tajikistan,22,All Ages,Number,12990.40846,14674.61234,11442.23248
Tajikistan,22,All Ages,Percent,0.000381158,0.000432418,0.000334184
Tajikistan,22,All Ages,Rate,140.5323014,158.7522864,123.7838877
Tajikistan,158,<20 years,Number,1260.483987,1569.54837,975.3584511
Tajikistan,158,<20 years,Percent,7.61E-05,9.57E-05,5.85E-05
Tajikistan,158,<20 years,Rate,30.76136956,38.30390383,23.80304872
The Gambia,22,All Ages,Number,2279.391796,2541.12018,2038.058835
The Gambia,22,All Ages,Percent,0.000218781,0.000244384,0.000194676
The Gambia,22,All Ages,Rate,106.8877654,119.1610227,95.5709128
The Gambia,158,<20 years,Number,250.427601,321.5777889,190.3144266
The Gambia,158,<20 years,Percent,4.41E-05,5.70E-05,3.29E-05
The Gambia,158,<20 years,Rate,22.01527496,28.27014041,16.7306815
Afghanistan,22,All Ages,Number,49686.37735,56307.86202,43831.64244
Afghanistan,22,All Ages,Percent,0.000241434,0.000275732,0.00021048
Afghanistan,22,All Ages,Rate,151.2303465,171.3841487,133.4102993
Afghanistan,158,<20 years,Number,13806.42288,17490.56743,10402.77191
Afghanistan,158,<20 years,Percent,0.000100498,0.000128464,7.55E-05
Afghanistan,158,<20 years,Rate,71.62239658,90.73431748,53.96556819
Belarus,22,All Ages,Number,27390.14904,31393.06664,23640.89051
Belarus,22,All Ages,Percent,0.000662395,0.000770774,0.000562091
Belarus,22,All Ages,Rate,288.5895551,330.7653099,249.0864166
Belarus,158,<20 years,Number,530.1850682,678.5717143,391.0518109
Belarus,158,<20 years,Percent,5.40E-05,7.09E-05,3.95E-05
Belarus,158,<20 years,Rate,26.44695335,33.8488493,19.50663951
Trinidad and Tobago,22,All Ages,Number,2386.697187,2725.248653,2080.370514
Trinidad and Tobago,22,All Ages,Percent,0.000363192,0.000418811,0.000311363
Trinidad and Tobago,22,All Ages,Rate,171.4821748,195.8068113,149.4728623
Trinidad and Tobago,158,<20 years,Number,58.07195977,75.19822941,42.14627547
Trinidad and Tobago,158,<20 years,Percent,2.98E-05,3.96E-05,2.13E-05
Trinidad and Tobago,158,<20 years,Rate,15.52554725,20.10425804,11.26781314
Benin,22,All Ages,Number,12294.87926,13730.26774,10982.37317
Benin,22,All Ages,Percent,0.000190579,0.000214431,0.00016769
Benin,22,All Ages,Rate,106.1248166,118.5145552,94.79575313
Benin,158,<20 years,Number,1404.518795,1769.663638,1060.463228
Benin,158,<20 years,Percent,3.79E-05,4.87E-05,2.84E-05
Benin,158,<20 years,Rate,21.87295231,27.55945203,16.5148816
Comoros,22,All Ages,Number,628.7691522,699.9764233,557.56155
Comoros,22,All Ages,Percent,0.000153594,0.000173729,0.000134516
Comoros,22,All Ages,Rate,87.53308283,97.44608816,77.6200314
Comoros,158,<20 years,Number,51.74377587,66.66668128,37.80307098
Comoros,158,<20 years,Percent,2.61E-05,3.44E-05,1.88E-05
Comoros,158,<20 years,Rate,15.79748143,20.35347521,11.54135549
Armenia,22,All Ages,Number,9237.605296,10439.20012,8120.915881
Armenia,22,All Ages,Percent,0.000711943,0.000816439,0.000611146
Armenia,22,All Ages,Rate,305.1502836,344.8431465,268.2621421
Armenia,158,<20 years,Number,243.8232623,314.0112618,181.0275961
Armenia,158,<20 years,Percent,6.75E-05,8.83E-05,4.97E-05
Armenia,158,<20 years,Rate,31.73849783,40.87487657,23.56437984
France,22,All Ages,Number,168133.8229,192700.0722,148205.738
France,22,All Ages,Percent,0.000530483,0.000621384,0.000454596
France,22,All Ages,Rate,255.8623838,293.246766,225.5362588
France,158,<20 years,Number,3131.882183,4155.096283,2257.946483
France,158,<20 years,Percent,3.39E-05,4.62E-05,2.34E-05
France,158,<20 years,Rate,19.55215045,25.94001399,14.0962229
Fiji,22,All Ages,Number,1409.883716,1590.677303,1242.354832
Fiji,22,All Ages,Percent,0.000278076,0.00031716,0.00024072
Fiji,22,All Ages,Rate,155.4552296,175.3897166,136.9833225
Fiji,158,<20 years,Number,150.0322881,187.4667685,117.3657308
Fiji,158,<20 years,Percent,7.15E-05,9.04E-05,5.52E-05
Fiji,158,<20 years,Rate,43.77733676,54.70019795,34.2456893
Kazakhstan,22,All Ages,Number,46917.1767,53202.02834,41211.10434
Kazakhstan,22,All Ages,Percent,0.000619879,0.000709589,0.000533889
Kazakhstan,22,All Ages,Rate,262.0436825,297.1460861,230.1739001
Kazakhstan,158,<20 years,Number,1668.290931,2109.308766,1264.605866
Kazakhstan,158,<20 years,Percent,6.18E-05,7.95E-05,4.62E-05
Kazakhstan,158,<20 years,Rate,27.65038324,34.95984704,20.95967567
Finland,22,All Ages,Number,14508.717,16881.78982,12532.4299
Finland,22,All Ages,Percent,0.000520708,0.000614179,0.000439224
Finland,22,All Ages,Rate,262.9353971,305.9416012,227.1199744
Finland,158,<20 years,Number,225.6457284,297.5201276,161.906108
Finland,158,<20 years,Percent,3.05E-05,4.13E-05,2.14E-05
Finland,158,<20 years,Rate,18.93790216,24.97014726,13.58838943
Bhutan,22,All Ages,Number,1478.635972,1631.068657,1334.584916
Bhutan,22,All Ages,Percent,0.000279687,0.000314191,0.000247346
Bhutan,22,All Ages,Rate,154.4412099,170.3625649,139.3953028
Bhutan,158,<20 years,Number,61.59164631,78.51664258,45.84872244
Bhutan,158,<20 years,Percent,2.99E-05,3.86E-05,2.18E-05
Bhutan,158,<20 years,Rate,17.4415348,22.23435866,12.98345045
Sri Lanka,22,All Ages,Number,36617.42804,41436.04896,32011.17109
Sri Lanka,22,All Ages,Percent,0.000361765,0.000414371,0.000307552
Sri Lanka,22,All Ages,Rate,169.5530944,191.8652045,148.2243129
Sri Lanka,158,<20 years,Number,1441.846181,1880.464272,1067.259885
Sri Lanka,158,<20 years,Percent,4.12E-05,5.45E-05,3.01E-05
Sri Lanka,158,<20 years,Rate,21.07215553,27.48242923,15.5976876
Bahrain,22,All Ages,Number,2488.695652,2896.978582,2143.499633
Bahrain,22,All Ages,Percent,0.000352015,0.000416196,0.000298029
Bahrain,22,All Ages,Rate,169.2561103,197.023419,145.7793403
Bahrain,158,<20 years,Number,175.3480975,222.3282422,131.6415703
Bahrain,158,<20 years,Percent,8.16E-05,0.000105588,6.01E-05
Bahrain,158,<20 years,Rate,47.87612469,60.70333696,35.94272378
Uzbekistan,22,All Ages,Number,46772.54703,53494.39603,40851.42714
Uzbekistan,22,All Ages,Percent,0.000412392,0.000474798,0.000355971
Uzbekistan,22,All Ages,Rate,145.0901112,165.9415269,126.7225859
Uzbekistan,158,<20 years,Number,3058.334961,3841.905313,2318.058955
Uzbekistan,158,<20 years,Percent,6.67E-05,8.59E-05,5.00E-05
Uzbekistan,158,<20 years,Rate,25.09341235,31.52254918,19.01950243
Algeria,22,All Ages,Number,64923.0371,72196.49989,58137.17494
Algeria,22,All Ages,Percent,0.000320519,0.000362897,0.000282811
Algeria,22,All Ages,Rate,160.4476113,178.4228907,143.6773642
Algeria,158,<20 years,Number,6289.624068,8110.686732,4805.89597
Algeria,158,<20 years,Percent,7.63E-05,9.92E-05,5.66E-05
Algeria,158,<20 years,Rate,44.4132123,57.27236601,33.9360947
Germany,22,All Ages,Number,365991.2787,419693.1663,319064.611
Germany,22,All Ages,Percent,0.000898908,0.001043321,0.000765282
Germany,22,All Ages,Rate,439.3941667,503.8664575,383.0559279
Germany,158,<20 years,Number,4034.398818,5308.106886,2935.096739
Germany,158,<20 years,Percent,4.41E-05,5.95E-05,3.17E-05
Germany,158,<20 years,Rate,26.19325178,34.46277535,19.05605552
Mongolia,22,All Ages,Number,5837.049527,6668.814688,5081.095378
Mongolia,22,All Ages,Percent,0.00044674,0.000512267,0.000385563
Mongolia,22,All Ages,Rate,179.5227806,205.1043341,156.272851
Mongolia,158,<20 years,Number,352.7724908,445.4139129,265.8135453
Mongolia,158,<20 years,Percent,6.91E-05,8.82E-05,5.24E-05
Mongolia,158,<20 years,Rate,30.23984086,38.1811116,22.78567495
Ecuador,22,All Ages,Number,22659.96976,25536.24573,19900.75022
Ecuador,22,All Ages,Percent,0.000250049,0.000286645,0.000217287
Ecuador,22,All Ages,Rate,135.8007473,153.0382119,119.2647996
Ecuador,158,<20 years,Number,1154.245088,1463.452598,863.4036295
Ecuador,158,<20 years,Percent,2.99E-05,3.92E-05,2.19E-05
Ecuador,158,<20 years,Rate,18.05562685,22.89249855,13.50605163
Bermuda,22,All Ages,Number,180.6543486,208.2080366,156.5010672
Bermuda,22,All Ages,Percent,0.00055332,0.000647575,0.000468488
Bermuda,22,All Ages,Rate,274.1920028,316.0122022,237.5328431
Bermuda,158,<20 years,Number,2.471534113,3.201003023,1.839418932
Bermuda,158,<20 years,Percent,3.50E-05,4.67E-05,2.54E-05
Bermuda,158,<20 years,Rate,18.97883758,24.58040783,14.12484375
Pakistan,22,All Ages,Number,318428.118,356315.9777,283996.4778
Pakistan,22,All Ages,Percent,0.000264481,0.000297386,0.000232284
Pakistan,22,All Ages,Rate,148.5985899,166.2794485,132.5306207
Pakistan,158,<20 years,Number,22638.35396,28963.48492,17246.66259
Pakistan,158,<20 years,Percent,3.66E-05,4.73E-05,2.78E-05
Pakistan,158,<20 years,Rate,22.20005416,28.40272464,16.912751
Slovenia,22,All Ages,Number,9295.235301,10698.36343,8000.932195
Slovenia,22,All Ages,Percent,0.000986949,0.001155258,0.000834479
Slovenia,22,All Ages,Rate,449.2934288,517.1148693,386.7321421
Slovenia,158,<20 years,Number,74.39467756,96.32695476,54.95799148
Slovenia,158,<20 years,Percent,3.47E-05,4.63E-05,2.53E-05
Slovenia,158,<20 years,Rate,18.57230161,24.04759743,13.72001906
Chile,22,All Ages,Number,41097.78807,46738.05806,35667.66422
Chile,22,All Ages,Percent,0.000498901,0.000577719,0.000422232
Chile,22,All Ages,Rate,229.3629271,260.8407486,199.0579118
Chile,158,<20 years,Number,838.6169019,1083.634058,618.9429171
Chile,158,<20 years,Percent,3.06E-05,4.07E-05,2.19E-05
Chile,158,<20 years,Rate,17.11340114,22.11339203,12.63058066
Bolivia,22,All Ages,Number,16017.18004,17927.78683,14201.09448
Bolivia,22,All Ages,Percent,0.000253558,0.000288922,0.00021982
Bolivia,22,All Ages,Rate,138.7610446,155.3131339,123.0278176
Bolivia,158,<20 years,Number,910.2237338,1134.672771,705.2309949
Bolivia,158,<20 years,Percent,3.10E-05,3.96E-05,2.37E-05
Bolivia,158,<20 years,Rate,18.84986699,23.49799286,14.60466252
Cameroon,22,All Ages,Number,30940.96786,34458.69301,27523.94577
Cameroon,22,All Ages,Percent,0.000173622,0.000196188,0.000152458
Cameroon,22,All Ages,Rate,111.4197317,124.0872085,99.11489085
Cameroon,158,<20 years,Number,3289.545361,4170.587492,2485.917125
Cameroon,158,<20 years,Percent,3.22E-05,4.19E-05,2.37E-05
Cameroon,158,<20 years,Rate,22.07683439,27.9896944,16.6835154
Latvia,22,All Ages,Number,5631.136593,6456.035695,4952.007
Latvia,22,All Ages,Percent,0.000644081,0.000748154,0.000552664
Latvia,22,All Ages,Rate,289.4549916,331.8569399,254.5459733
Latvia,158,<20 years,Number,92.5382917,120.5169452,68.44702519
Latvia,158,<20 years,Percent,4.52E-05,6.07E-05,3.28E-05
Latvia,158,<20 years,Rate,23.99936673,31.25549772,17.75141111
Iran,22,All Ages,Number,90660.42492,99100.29187,82310.36519
Iran,22,All Ages,Percent,0.000212351,0.000237596,0.00018975
Iran,22,All Ages,Rate,110.3245502,120.595013,100.1633736
Iran,158,<20 years,Number,7533.891072,9292.611803,5966.098958
Iran,158,<20 years,Percent,5.04E-05,6.35E-05,3.93E-05
Iran,158,<20 years,Rate,30.04287593,37.05612157,23.79099579
Georgia,22,All Ages,Number,12227.50849,14145.67057,10647.9024
Georgia,22,All Ages,Percent,0.000899641,0.001044809,0.000765616
Georgia,22,All Ages,Rate,331.2501346,383.2142323,288.4577103
Georgia,158,<20 years,Number,293.3113077,371.8210647,221.2598399
Georgia,158,<20 years,Percent,7.66E-05,0.000100317,5.73E-05
Georgia,158,<20 years,Rate,31.8152908,40.33119416,23.99991397
Saint Lucia,22,All Ages,Number,332.7619457,376.5472859,294.0725433
Saint Lucia,22,All Ages,Percent,0.000366894,0.000419965,0.000317259
Saint Lucia,22,All Ages,Rate,188.5609817,213.3721323,166.6374662
Saint Lucia,158,<20 years,Number,8.901185971,11.58978197,6.541320278
Saint Lucia,158,<20 years,Percent,3.16E-05,4.23E-05,2.27E-05
Saint Lucia,158,<20 years,Rate,17.74754976,23.10818276,13.04235273
Greece,22,All Ages,Number,37676.85032,43236.70429,33185.13663
Greece,22,All Ages,Percent,0.000746881,0.000875309,0.000638984
Greece,22,All Ages,Rate,362.1966604,415.6448792,319.0167321
Greece,158,<20 years,Number,521.9132801,687.0155946,374.1110932
Greece,158,<20 years,Percent,4.41E-05,5.92E-05,3.12E-05
Greece,158,<20 years,Rate,26.13305475,34.39999869,18.73235661
Philippines,22,All Ages,Number,210410.6279,236599.3464,184870.0059
Philippines,22,All Ages,Percent,0.00036472,0.000416945,0.000314571
Philippines,22,All Ages,Rate,203.3530189,228.6633134,178.6690823
Philippines,158,<20 years,Number,16909.08559,21695.71151,12615.23689
Philippines,158,<20 years,Percent,6.31E-05,8.23E-05,4.69E-05
Philippines,158,<20 years,Rate,39.18243181,50.27419917,29.23254818
Peru,22,All Ages,Number,44535.76555,50541.87182,39445.82286
Peru,22,All Ages,Percent,0.000227928,0.000261933,0.000196882
Peru,22,All Ages,Rate,134.0646784,152.1446799,118.7425767
Peru,158,<20 years,Number,2303.805742,2888.478195,1753.527633
Peru,158,<20 years,Percent,2.82E-05,3.65E-05,2.14E-05
Peru,158,<20 years,Rate,18.44939363,23.1315819,14.04264298
Moldova,22,All Ages,Number,8889.368511,10153.22669,7757.450312
Moldova,22,All Ages,Percent,0.000549003,0.000634806,0.000469273
Moldova,22,All Ages,Rate,238.8446336,272.8026975,208.4316085
Moldova,158,<20 years,Number,200.4925455,262.6764205,145.2935096
Moldova,158,<20 years,Percent,5.08E-05,6.66E-05,3.68E-05
Moldova,158,<20 years,Rate,25.03835489,32.80413954,18.14486643
Cote d'Ivoire,22,All Ages,Number,26211.61566,29306.85598,23100.73773
Cote d'Ivoire,22,All Ages,Percent,0.000174671,0.000198868,0.000153017
Cote d'Ivoire,22,All Ages,Rate,104.9922793,117.3904596,92.53146163
Cote d'Ivoire,158,<20 years,Number,2631.824684,3339.034029,1998.551539
Cote d'Ivoire,158,<20 years,Percent,3.20E-05,4.18E-05,2.40E-05
Cote d'Ivoire,158,<20 years,Rate,20.59058131,26.12356822,15.63604833
Guam,22,All Ages,Number,305.0043215,345.2033905,267.3482318
Guam,22,All Ages,Percent,0.000284445,0.000326092,0.000246195
Guam,22,All Ages,Rate,181.7267825,205.6780742,159.2906413
Guam,158,<20 years,Number,23.51757258,29.49883917,18.2718337
Guam,158,<20 years,Percent,5.70E-05,7.25E-05,4.30E-05
Guam,158,<20 years,Rate,40.22414869,50.45442887,31.25190548
Canada,22,All Ages,Number,100915.4557,115183.3578,88697.76434
Canada,22,All Ages,Percent,0.000561812,0.000655909,0.000475926
Canada,22,All Ages,Rate,280.453789,320.1056658,246.4996459
Canada,158,<20 years,Number,1040.093225,1346.465241,750.8360265
Canada,158,<20 years,Percent,2.24E-05,2.98E-05,1.61E-05
Canada,158,<20 years,Rate,12.84373105,16.62700708,9.271799637
Ireland,22,All Ages,Number,16615.67521,19032.35874,14532.21457
Ireland,22,All Ages,Percent,0.000691992,0.000810202,0.000587104
Ireland,22,All Ages,Rate,341.8474674,391.5678148,298.9827788
Ireland,158,<20 years,Number,371.4641846,484.1857984,273.4333734
Ireland,158,<20 years,Percent,4.63E-05,6.18E-05,3.36E-05
Ireland,158,<20 years,Rate,27.6632242,36.05768967,20.36279412
Egypt,22,All Ages,Number,163281.3272,180940.2949,145904.7681
Egypt,22,All Ages,Percent,0.000351985,0.000397595,0.000309924
Egypt,22,All Ages,Rate,169.2314911,187.5339724,151.2217097
Egypt,158,<20 years,Number,24126.0445,30773.92711,18007.3468
Egypt,158,<20 years,Percent,0.000106261,0.000137035,7.92E-05
Egypt,158,<20 years,Rate,57.83678701,73.77359632,43.16857998
Ghana,22,All Ages,Number,39864.07784,44515.7061,35429.31298
Ghana,22,All Ages,Percent,0.000237366,0.000268603,0.000207579
Ghana,22,All Ages,Rate,131.9771324,147.3771765,117.2950532
Ghana,158,<20 years,Number,3609.699165,4635.208672,2688.611519
Ghana,158,<20 years,Percent,4.31E-05,5.67E-05,3.16E-05
Ghana,158,<20 years,Rate,25.28575313,32.46939338,18.83358253
Burkina Faso,22,All Ages,Number,22174.39825,24638.79246,19727.10402
Burkina Faso,22,All Ages,Percent,0.000168449,0.000190333,0.000147467
Burkina Faso,22,All Ages,Rate,104.9826427,116.6500898,93.396154
Burkina Faso,158,<20 years,Number,2772.443508,3509.874257,2118.912568
Burkina Faso,158,<20 years,Percent,3.55E-05,4.53E-05,2.67E-05
Burkina Faso,158,<20 years,Rate,23.33602691,29.54307991,17.83516979
Estonia,22,All Ages,Number,3779.841786,4338.935131,3269.637299
Estonia,22,All Ages,Percent,0.000640244,0.00074397,0.00054073
Estonia,22,All Ages,Rate,287.5402982,330.0716729,248.727999
Estonia,158,<20 years,Number,66.45466895,85.61335855,48.69238655
Estonia,158,<20 years,Percent,4.66E-05,6.18E-05,3.36E-05
Estonia,158,<20 years,Rate,24.36622008,31.39093113,17.85351467
Suriname,22,All Ages,Number,1085.619936,1237.570524,952.8222767
Suriname,22,All Ages,Percent,0.000373617,0.000428754,0.000320074
Suriname,22,All Ages,Rate,189.6401392,216.1834345,166.4425488
Suriname,158,<20 years,Number,41.34361174,52.92031725,31.12729403
Suriname,158,<20 years,Percent,3.91E-05,5.12E-05,2.92E-05
Suriname,158,<20 years,Rate,20.97497749,26.84822192,15.79190264
Thailand,22,All Ages,Number,102183.9704,115867.5938,89822.21696
Thailand,22,All Ages,Percent,0.000319051,0.000364224,0.000276059
Thailand,22,All Ages,Rate,144.6830909,164.0578413,127.1799866
Thailand,158,<20 years,Number,2405.032219,3190.679823,1697.329193
Thailand,158,<20 years,Percent,3.32E-05,4.56E-05,2.32E-05
Thailand,158,<20 years,Rate,15.14935081,20.09816234,10.6915139
Nepal,22,All Ages,Number,82075.15576,90635.32515,73525.70069
Nepal,22,All Ages,Percent,0.000537603,0.000605291,0.00047226
Nepal,22,All Ages,Rate,274.5766863,303.2141336,245.975083
Nepal,158,<20 years,Number,4162.351676,5470.637582,3030.438609
Nepal,158,<20 years,Percent,5.98E-05,7.91E-05,4.31E-05
Nepal,158,<20 years,Rate,32.61043618,42.86035674,23.74232947
Turkmenistan,22,All Ages,Number,7738.793959,8817.001317,6776.000899
Turkmenistan,22,All Ages,Percent,0.000420187,0.000482064,0.000361236
Turkmenistan,22,All Ages,Rate,155.4947891,177.1590984,136.1494874
Turkmenistan,158,<20 years,Number,440.0191398,558.4618131,330.3071017
Turkmenistan,158,<20 years,Percent,6.17E-05,7.94E-05,4.64E-05
Turkmenistan,158,<20 years,Rate,24.08298982,30.56555715,18.0782649
Mauritius,22,All Ages,Number,2318.07423,2644.891553,2018.664164
Mauritius,22,All Ages,Percent,0.000377412,0.000435851,0.00032366
Mauritius,22,All Ages,Rate,182.2224965,207.9134203,158.6860415
Mauritius,158,<20 years,Number,70.1719596,90.62100433,50.02283737
Mauritius,158,<20 years,Percent,4.11E-05,5.45E-05,2.92E-05
Mauritius,158,<20 years,Rate,21.82903852,28.19031142,15.56106527
Cape Verde,22,All Ages,Number,425.8051266,478.6819172,380.404313
Cape Verde,22,All Ages,Percent,0.000160947,0.000183723,0.000141408
Cape Verde,22,All Ages,Rate,78.01402388,87.70186216,69.69589914
Cape Verde,158,<20 years,Number,20.70720191,28.22879453,14.00455829
Cape Verde,158,<20 years,Percent,2.02E-05,2.83E-05,1.35E-05
Cape Verde,158,<20 years,Rate,10.1121298,13.78521519,6.838968966
Jordan,22,All Ages,Number,12112.21635,13568.81359,10718.66156
Jordan,22,All Ages,Percent,0.000263486,0.000300819,0.000230689
Jordan,22,All Ages,Rate,113.7461452,127.4250885,100.6592351
Jordan,158,<20 years,Number,2014.576286,2582.16039,1519.699045
Jordan,158,<20 years,Percent,8.90E-05,0.000115738,6.66E-05
Jordan,158,<20 years,Rate,43.67735142,55.98295164,32.94808427
Rwanda,22,All Ages,Number,10726.70022,12043.24485,9541.086084
Rwanda,22,All Ages,Percent,0.000149381,0.000169143,0.00013018
Rwanda,22,All Ages,Rate,85.44330798,95.93021689,75.99932318
Rwanda,158,<20 years,Number,1140.189263,1439.095997,863.8706581
Rwanda,158,<20 years,Percent,2.91E-05,3.74E-05,2.18E-05
Rwanda,158,<20 years,Rate,17.63846897,22.26248827,13.3638829
Albania,22,All Ages,Number,9932.358863,11110.25786,8676.753056
Albania,22,All Ages,Percent,0.000808655,0.000920339,0.000692681
Albania,22,All Ages,Rate,359.0664781,401.6489149,313.6748484
Albania,158,<20 years,Number,149.1424641,196.4238058,106.6509464
Albania,158,<20 years,Percent,4.13E-05,5.53E-05,2.93E-05
Albania,158,<20 years,Rate,20.74187666,27.3174939,14.83240062
Russian Federation,22,All Ages,Number,418559.0842,465116.066,377320.5562
Russian Federation,22,All Ages,Percent,0.000602822,0.000679669,0.000528757
Russian Federation,22,All Ages,Rate,286.3119665,318.1588945,258.103084
Russian Federation,158,<20 years,Number,9177.04482,11501.89103,7093.729092
Russian Federation,158,<20 years,Percent,5.10E-05,6.52E-05,3.89E-05
Russian Federation,158,<20 years,Rate,27.64413847,34.64730473,21.36853781
Ukraine,22,All Ages,Number,129926.2223,143879.8544,117526.612
Ukraine,22,All Ages,Percent,0.000635606,0.000714226,0.00056007
Ukraine,22,All Ages,Rate,290.7336898,321.9574941,262.9872934
Ukraine,158,<20 years,Number,2569.660709,3265.703537,1955.86108
Ukraine,158,<20 years,Percent,5.76E-05,7.48E-05,4.36E-05
Ukraine,158,<20 years,Rate,28.68145481,36.45038742,21.83048562
Colombia,22,All Ages,Number,105030.2362,118548.7474,93202.20224
Colombia,22,All Ages,Percent,0.000362385,0.000414636,0.000311725
Colombia,22,All Ages,Rate,207.5443825,234.2575573,184.1716653
Colombia,158,<20 years,Number,2662.030916,3513.841678,1893.035947
Colombia,158,<20 years,Percent,2.42E-05,3.32E-05,1.70E-05
Colombia,158,<20 years,Rate,15.35287101,20.26556405,10.91780585
Guinea,22,All Ages,Number,13817.26537,15341.63107,12356.14481
Guinea,22,All Ages,Percent,0.000199842,0.000224117,0.000176636
Guinea,22,All Ages,Rate,116.8974678,129.7939771,104.5360281
Guinea,158,<20 years,Number,1504.268286,1904.531903,1149.069299
Guinea,158,<20 years,Percent,3.72E-05,4.80E-05,2.85E-05
Guinea,158,<20 years,Rate,23.05106852,29.18461806,17.60807922
Madagascar,22,All Ages,Number,24935.41955,27881.27829,22235.56789
Madagascar,22,All Ages,Percent,0.000158578,0.000179301,0.000139607
Madagascar,22,All Ages,Rate,95.50586121,106.7888788,85.16508241
Madagascar,158,<20 years,Number,3004.476609,3751.476009,2334.21003
Madagascar,158,<20 years,Percent,3.25E-05,4.13E-05,2.51E-05
Madagascar,158,<20 years,Rate,21.17125123,26.43503392,16.44817165
Seychelles,22,All Ages,Number,172.759516,197.2718567,151.9186335
Seychelles,22,All Ages,Percent,0.00035887,0.000411182,0.000307726
Seychelles,22,All Ages,Rate,171.2064234,195.4984003,150.5528986
Seychelles,158,<20 years,Number,6.003597307,7.818516362,4.474921856
Seychelles,158,<20 years,Percent,3.90E-05,5.17E-05,2.86E-05
Seychelles,158,<20 years,Rate,20.61300895,26.84443001,15.36438897
