location_name,age_id,age_name,metric_name,year,val,upper,lower
Latvia,158,<20 years,Number,2017,629.5997661,753.9569941,510.1141545
Latvia,158,<20 years,Percent,2017,0.001932266,0.002328551,0.001554114
Latvia,158,<20 years,Rate,2017,163.283711,195.5351679,132.2956848
Haiti,158,<20 years,Number,2017,9834.233317,11298.76943,8351.968235
Haiti,158,<20 years,Percent,2017,0.001961702,0.002254494,0.001663703
Haiti,158,<20 years,Rate,2017,188.0438272,216.0477364,159.7009163
Fiji,158,<20 years,Number,2017,823.6134057,978.1890043,681.3249399
Fiji,158,<20 years,Percent,2017,0.002604727,0.003085864,0.002154661
Fiji,158,<20 years,Rate,2017,240.3189465,285.4219581,198.8011495
Central African Republic,158,<20 years,Number,2017,4458.520956,5126.311813,3766.551355
Central African Republic,158,<20 years,Percent,2017,0.001939101,0.002223107,0.00163665
Central African Republic,158,<20 years,Rate,2017,189.6963892,218.1088416,160.2552055
Uzbekistan,158,<20 years,Number,2017,20508.3032,24502.98843,16286.91632
Uzbekistan,158,<20 years,Percent,2017,0.001851877,0.002215918,0.001465141
Uzbekistan,158,<20 years,Rate,2017,168.2691122,201.0452093,133.6329449
Congo,158,<20 years,Number,2017,3460.893458,4167.664228,2656.133755
Congo,158,<20 years,Percent,2017,0.001565758,0.00188502,0.001201935
Congo,158,<20 years,Rate,2017,150.0742837,180.7218949,115.1775909
Bermuda,158,<20 years,Number,2017,21.97617707,26.22237777,17.03448126
Bermuda,158,<20 years,Percent,2017,0.001932105,0.002306081,0.001491868
Bermuda,158,<20 years,Rate,2017,168.7544158,201.3608657,130.8072794
Qatar,158,<20 years,Number,2017,1072.518228,1284.463951,880.2327546
Qatar,158,<20 years,Percent,2017,0.002518426,0.00302104,0.002058776
Qatar,158,<20 years,Rate,2017,218.7892648,262.0253122,179.5638267
Tanzania,158,<20 years,Number,2017,41626.16931,49879.57449,31695.39442
Tanzania,158,<20 years,Percent,2017,0.001485321,0.001783391,0.001139603
Tanzania,158,<20 years,Rate,2017,141.3052665,169.3224883,107.5940023
Uganda,158,<20 years,Number,2017,33439.62975,40316.97093,25887.23463
Uganda,158,<20 years,Percent,2017,0.001512146,0.00182707,0.001166107
Uganda,158,<20 years,Rate,2017,145.1476754,174.9993841,112.3658353
Argentina,158,<20 years,Number,2017,22254.82679,27305.13649,17035.14326
Argentina,158,<20 years,Percent,2017,0.00190914,0.002338432,0.001454635
Argentina,158,<20 years,Rate,2017,156.2263567,191.6789573,119.5847711
Democratic Republic of the Congo,158,<20 years,Number,2017,76145.25036,87415.88971,64105.62193
Democratic Republic of the Congo,158,<20 years,Percent,2017,0.001785023,0.002046465,0.001504648
Democratic Republic of the Congo,158,<20 years,Rate,2017,173.9795652,199.7311508,146.4709641
North Korea,158,<20 years,Number,2017,30159.00361,36398.00923,24619.34328
North Korea,158,<20 years,Percent,2017,0.004990562,0.00602419,0.004086296
North Korea,158,<20 years,Rate,2017,454.9502365,549.0659812,371.3841543
Venezuela,158,<20 years,Number,2017,17334.2352,20774.49419,13780.41126
Venezuela,158,<20 years,Percent,2017,0.001820439,0.002178987,0.001444781
Venezuela,158,<20 years,Rate,2017,163.6732063,196.156798,130.1173122
Kiribati,158,<20 years,Number,2017,156.8598152,182.2233899,133.6592771
Kiribati,158,<20 years,Percent,2017,0.0030238,0.003520533,0.002576773
Kiribati,158,<20 years,Rate,2017,289.3288539,336.1121169,246.5353246
Syria,158,<20 years,Number,2017,27724.84593,33076.51702,22989.2753
Syria,158,<20 years,Percent,2017,0.003625561,0.00430393,0.003017751
Syria,158,<20 years,Rate,2017,330.1882206,393.9237868,273.7900843
Ghana,158,<20 years,Number,2017,25940.41063,30607.23983,20919.16831
Ghana,158,<20 years,Percent,2017,0.001918174,0.002261742,0.001540552
Ghana,158,<20 years,Rate,2017,181.7112145,214.402108,146.5376757
Denmark,158,<20 years,Number,2017,2169.206391,2676.953261,1654.094069
Denmark,158,<20 years,Percent,2017,0.002007263,0.00246241,0.001530644
Denmark,158,<20 years,Rate,2017,166.1705324,205.0661249,126.7107147
Jamaica,158,<20 years,Number,2017,1530.634885,1851.563812,1172.1283
Jamaica,158,<20 years,Percent,2017,0.00188159,0.002274323,0.001441981
Jamaica,158,<20 years,Rate,2017,171.8379761,207.8673244,131.5899415
Guinea,158,<20 years,Number,2017,10826.14514,12849.31315,8574.877571
Guinea,158,<20 years,Percent,2017,0.001709698,0.002029352,0.001349074
Guinea,158,<20 years,Rate,2017,165.8974106,196.8999816,131.3994932
China,158,<20 years,Number,2017,584200.7359,691600.1845,475232.7552
China,158,<20 years,Percent,2017,0.002208497,0.002614101,0.001800548
China,158,<20 years,Rate,2017,192.8306002,228.2805729,156.8628928
Brazil,158,<20 years,Number,2017,116893.806,137095.4925,94173.99392
Brazil,158,<20 years,Percent,2017,0.002020361,0.002372453,0.001628658
Brazil,158,<20 years,Rate,2017,182.0457469,213.5070468,146.6628185
Taiwan (Province of China),158,<20 years,Number,2017,20403.61274,24480.21579,16816.09008
Taiwan (Province of China),158,<20 years,Percent,2017,0.005427463,0.006524699,0.004468745
Taiwan (Province of China),158,<20 years,Rate,2017,457.9304667,549.4241036,377.4135529
Saudi Arabia,158,<20 years,Number,2017,19761.83247,23863.46374,15519.13136
Saudi Arabia,158,<20 years,Percent,2017,0.002178054,0.002637666,0.001703232
Saudi Arabia,158,<20 years,Rate,2017,195.8806412,236.5362922,153.8266963
Albania,158,<20 years,Number,2017,1212.337973,1496.467391,895.4559831
Albania,158,<20 years,Percent,2017,0.001867208,0.002301191,0.001379473
Albania,158,<20 years,Rate,2017,168.604997,208.1200833,124.5348712
Lithuania,158,<20 years,Number,2017,983.9890482,1182.633831,789.0847175
Lithuania,158,<20 years,Percent,2017,0.002018467,0.002438523,0.001615349
Lithuania,158,<20 years,Rate,2017,172.217586,206.98436,138.1054651
Tunisia,158,<20 years,Number,2017,8532.902984,10233.20742,6882.535837
Tunisia,158,<20 years,Percent,2017,0.002794607,0.003353446,0.002258386
Tunisia,158,<20 years,Rate,2017,245.1235564,293.9679731,197.7136813
Suriname,158,<20 years,Number,2017,349.9469347,409.2864457,283.5946866
Suriname,158,<20 years,Percent,2017,0.001936309,0.002261442,0.001562106
Suriname,158,<20 years,Rate,2017,177.539619,207.6445096,143.8769357
Bosnia and Herzegovina,158,<20 years,Number,2017,1403.495538,1672.771335,1124.317271
Bosnia and Herzegovina,158,<20 years,Percent,2017,0.002188606,0.002623882,0.001754515
Bosnia and Herzegovina,158,<20 years,Rate,2017,196.919067,234.7001196,157.7486369
Finland,158,<20 years,Number,2017,1878.957556,2359.087492,1343.219994
Finland,158,<20 years,Percent,2017,0.001922897,0.002416974,0.001375887
Finland,158,<20 years,Rate,2017,157.6963792,197.9925275,112.7332168
Paraguay,158,<20 years,Number,2017,5089.947308,6025.900891,4134.395574
Paraguay,158,<20 years,Percent,2017,0.002013955,0.002388795,0.001632902
Paraguay,158,<20 years,Rate,2017,182.8163413,216.4331155,148.4956575
Marshall Islands,158,<20 years,Number,2017,63.97869155,75.98683483,52.96024491
Marshall Islands,158,<20 years,Percent,2017,0.002762181,0.00329049,0.002279812
Marshall Islands,158,<20 years,Rate,2017,260.4444964,309.3272534,215.5905971
Saint Lucia,158,<20 years,Number,2017,81.99139839,100.1183942,61.47485088
Saint Lucia,158,<20 years,Percent,2017,0.001813472,0.002213543,0.001357311
Saint Lucia,158,<20 years,Rate,2017,163.4778138,199.6201616,122.5710797
Guinea-Bissau,158,<20 years,Number,2017,1633.91628,1944.904892,1283.648724
Guinea-Bissau,158,<20 years,Percent,2017,0.001698454,0.002021145,0.001331401
Guinea-Bissau,158,<20 years,Rate,2017,163.3645253,194.4582279,128.3435798
Moldova,158,<20 years,Number,2017,1386.985095,1673.504261,1120.988358
Moldova,158,<20 years,Percent,2017,0.001952577,0.002362092,0.00158391
Moldova,158,<20 years,Rate,2017,173.2125499,208.9942721,139.9937553
Uruguay,158,<20 years,Number,2017,1554.855291,1893.038542,1183.617878
Uruguay,158,<20 years,Percent,2017,0.00196365,0.002382163,0.001481704
Uruguay,158,<20 years,Rate,2017,160.230051,195.0803164,121.9735072
Greenland,158,<20 years,Number,2017,27.31917943,30.77868819,22.5043794
Greenland,158,<20 years,Percent,2017,0.002136676,0.002400627,0.001751649
Greenland,158,<20 years,Rate,2017,175.9899666,198.2760983,144.9730578
Chile,158,<20 years,Number,2017,7552.87727,9291.983703,5596.161278
Chile,158,<20 years,Percent,2017,0.00189739,0.00234287,0.001396788
Chile,158,<20 years,Rate,2017,154.129279,189.6186973,114.1991684
Bulgaria,158,<20 years,Number,2017,2172.471953,2628.306928,1666.204962
Bulgaria,158,<20 years,Percent,2017,0.001862832,0.002256783,0.001427882
Bulgaria,158,<20 years,Rate,2017,166.3041016,201.1985571,127.5490433
Zambia,158,<20 years,Number,2017,13808.66829,16759.02216,10492.11343
Zambia,158,<20 years,Percent,2017,0.001510747,0.001831252,0.00114569
Zambia,158,<20 years,Rate,2017,144.5248478,175.403962,109.8129859
Cambodia,158,<20 years,Number,2017,14030.28535,16473.8174,11580.02405
Cambodia,158,<20 years,Percent,2017,0.002258592,0.002649429,0.001863587
Cambodia,158,<20 years,Rate,2017,215.8929408,253.4931255,178.1892088
Saint Vincent and the Grenadines,158,<20 years,Number,2017,53.83766041,66.26130751,40.01462102
Saint Vincent and the Grenadines,158,<20 years,Percent,2017,0.001635943,0.002013787,0.001209337
Saint Vincent and the Grenadines,158,<20 years,Rate,2017,149.7132674,184.2612917,111.273774
France,158,<20 years,Number,2017,25813.42714,32277.91578,18673.4275
France,158,<20 years,Percent,2017,0.002039045,0.00255135,0.001488314
France,158,<20 years,Rate,2017,161.1516594,201.5090698,116.5770749
Mali,158,<20 years,Number,2017,21227.37241,24966.33135,17364.35261
Mali,158,<20 years,Percent,2017,0.001845524,0.002158918,0.001515746
Mali,158,<20 years,Rate,2017,179.0379551,210.5734438,146.4561004
Federated States of Micronesia,158,<20 years,Number,2017,142.7018655,167.6470057,119.9817654
Federated States of Micronesia,158,<20 years,Percent,2017,0.003347373,0.003965916,0.002813707
Federated States of Micronesia,158,<20 years,Rate,2017,316.9616279,372.3684176,266.4969763
Equatorial Guinea,158,<20 years,Number,2017,911.4498773,1167.042844,635.6012647
Equatorial Guinea,158,<20 years,Percent,2017,0.001312735,0.001680885,0.000903593
Equatorial Guinea,158,<20 years,Rate,2017,124.4306941,159.3241217,86.77197562
Trinidad and Tobago,158,<20 years,Number,2017,530.5377657,662.1148079,387.5430586
Trinidad and Tobago,158,<20 years,Percent,2017,0.00162999,0.002034366,0.001185505
Trinidad and Tobago,158,<20 years,Rate,2017,141.8393521,177.0164943,103.6096955
Russian Federation,158,<20 years,Number,2017,55749.33326,65635.27931,46250.35357
Russian Federation,158,<20 years,Percent,2017,0.001963057,0.00229964,0.001626085
Russian Federation,158,<20 years,Rate,2017,167.9344841,197.7140556,139.3205768
Liberia,158,<20 years,Number,2017,4081.377774,4815.348643,3187.407582
Liberia,158,<20 years,Percent,2017,0.001692014,0.00199436,0.001322053
Liberia,158,<20 years,Rate,2017,164.5553004,194.1479535,128.5117039
Croatia,158,<20 years,Number,2017,1445.743935,1767.803106,1095.653454
Croatia,158,<20 years,Percent,2017,0.001942393,0.002376482,0.001476154
Croatia,158,<20 years,Rate,2017,169.6902114,207.4910193,128.5993057
United Arab Emirates,158,<20 years,Number,2017,3977.004228,4757.149983,3232.145573
United Arab Emirates,158,<20 years,Percent,2017,0.002953716,0.003522661,0.002387549
United Arab Emirates,158,<20 years,Rate,2017,262.0670144,313.4751742,212.9841187
Guam,158,<20 years,Number,2017,131.8174904,157.7379811,106.0485803
Guam,158,<20 years,Percent,2017,0.00252224,0.003015114,0.002028099
Guam,158,<20 years,Rate,2017,225.4589123,269.7929806,181.3841053
Indonesia,158,<20 years,Number,2017,171810.3638,199926.0846,142497.7573
Indonesia,158,<20 years,Percent,2017,0.002013862,0.002341989,0.001663821
Indonesia,158,<20 years,Rate,2017,188.1600964,218.9513516,156.0580582
Burundi,158,<20 years,Number,2017,9060.595062,10666.5553,7233.788811
Burundi,158,<20 years,Percent,2017,0.001568361,0.001841565,0.001248421
Burundi,158,<20 years,Rate,2017,149.1654152,175.6044873,119.0905348
Czech Republic,158,<20 years,Number,2017,3260.793435,3959.62194,2495.252009
Czech Republic,158,<20 years,Percent,2017,0.001775163,0.002162256,0.001356873
Czech Republic,158,<20 years,Rate,2017,153.7212263,186.6655931,117.6318606
Puerto Rico,158,<20 years,Number,2017,1198.230975,1524.04334,843.7156888
Puerto Rico,158,<20 years,Percent,2017,0.001599818,0.002040336,0.001130121
Puerto Rico,158,<20 years,Rate,2017,141.4111854,179.8624637,99.57248489
Yemen,158,<20 years,Number,2017,39704.0525,46949.76104,32641.60621
Yemen,158,<20 years,Percent,2017,0.002554514,0.003029053,0.002095528
Yemen,158,<20 years,Rate,2017,246.1696894,291.0939152,202.3817106
Mauritania,158,<20 years,Number,2017,3047.57424,3771.054536,2251.937393
Mauritania,158,<20 years,Percent,2017,0.00156388,0.001935734,0.001155872
Mauritania,158,<20 years,Rate,2017,147.3935247,182.3840787,108.9131761
Comoros,158,<20 years,Number,2017,467.712833,575.6365654,341.4461243
Comoros,158,<20 years,Percent,2017,0.001532882,0.001885669,0.001124371
Comoros,158,<20 years,Rate,2017,142.793692,175.7430299,104.2442055
Bolivia,158,<20 years,Number,2017,7702.787564,8914.400505,6291.526576
Bolivia,158,<20 years,Percent,2017,0.001729086,0.00199946,0.001407159
Bolivia,158,<20 years,Rate,2017,159.5173973,184.6087479,130.2915258
Laos,158,<20 years,Number,2017,6977.970179,8225.593603,5755.09148
Laos,158,<20 years,Percent,2017,0.002529124,0.0029895,0.00208561
Laos,158,<20 years,Rate,2017,235.0388646,277.0625457,193.8486598
Gabon,158,<20 years,Number,2017,1002.316106,1262.278905,722.9821961
Gabon,158,<20 years,Percent,2017,0.001402119,0.001768142,0.00101444
Gabon,158,<20 years,Rate,2017,133.4766448,168.0954262,96.27824716
Papua New Guinea,158,<20 years,Number,2017,20227.03686,24233.85018,16583.93344
Papua New Guinea,158,<20 years,Percent,2017,0.00479584,0.00575938,0.00392793
Papua New Guinea,158,<20 years,Rate,2017,461.6487097,553.0976061,378.5008912
Germany,158,<20 years,Number,2017,31114.50545,36763.95011,25338.12438
Germany,158,<20 years,Percent,2017,0.002588322,0.003066283,0.00211361
Germany,158,<20 years,Rate,2017,202.01029,238.6891939,164.5072541
Samoa,158,<20 years,Number,2017,284.2492469,332.1852902,242.1222887
Samoa,158,<20 years,Percent,2017,0.003193899,0.003732641,0.002726863
Samoa,158,<20 years,Rate,2017,296.7894682,346.8403054,252.8039954
Ukraine,158,<20 years,Number,2017,15684.53921,18540.64438,13042.29851
Ukraine,158,<20 years,Percent,2017,0.002026352,0.002399072,0.001680744
Ukraine,158,<20 years,Rate,2017,175.0641246,206.94275,145.5725629
Ireland,158,<20 years,Number,2017,2687.332505,3185.47474,2180.052999
Ireland,158,<20 years,Percent,2017,0.002483674,0.002958969,0.00200423
Ireland,158,<20 years,Rate,2017,200.1277233,237.2247597,162.3502275
South Africa,158,<20 years,Number,2017,35140.32977,41347.99508,28758.20676
South Africa,158,<20 years,Percent,2017,0.001951605,0.002289095,0.001590034
South Africa,158,<20 years,Rate,2017,178.025849,209.4747538,145.6931169
Ecuador,158,<20 years,Number,2017,10456.53777,12443.74671,8193.814365
Ecuador,158,<20 years,Percent,2017,0.001816773,0.002157244,0.001414908
Ecuador,158,<20 years,Rate,2017,163.5695451,194.6550603,128.174212
Japan,158,<20 years,Number,2017,26488.55949,32516.98194,20268.58131
Japan,158,<20 years,Percent,2017,0.001491841,0.001823012,0.001134511
Japan,158,<20 years,Rate,2017,119.3077468,146.4605069,91.29219613
Botswana,158,<20 years,Number,2017,1707.193192,2058.239307,1359.477198
Botswana,158,<20 years,Percent,2017,0.002059274,0.002474886,0.001630692
Botswana,158,<20 years,Rate,2017,188.1122015,226.7932704,149.7980719
Brunei,158,<20 years,Number,2017,132.108128,174.8791886,88.91883341
Brunei,158,<20 years,Percent,2017,0.001202876,0.001594369,0.000802811
Brunei,158,<20 years,Rate,2017,98.1176352,129.8840025,66.04064255
Swaziland,158,<20 years,Number,2017,948.3519347,1153.912324,735.6898703
Swaziland,158,<20 years,Percent,2017,0.001890429,0.002297748,0.001461185
Swaziland,158,<20 years,Rate,2017,176.7640308,215.0785864,137.1257886
Greece,158,<20 years,Number,2017,3962.618823,4684.940374,3215.968267
Greece,158,<20 years,Percent,2017,0.002411754,0.002834742,0.001952856
Greece,158,<20 years,Rate,2017,198.4148299,234.5826557,161.0288107
South Korea,158,<20 years,Number,2017,16068.14807,19516.08026,12123.27832
South Korea,158,<20 years,Percent,2017,0.001927909,0.002336152,0.001452573
South Korea,158,<20 years,Rate,2017,162.0957793,196.8785839,122.2998592
Turkey,158,<20 years,Number,2017,105392.9156,127752.1025,86719.7864
Turkey,158,<20 years,Percent,2017,0.004853157,0.005901253,0.003972628
Turkey,158,<20 years,Rate,2017,422.5800247,512.2306973,347.7088501
Canada,158,<20 years,Number,2017,11571.23095,14122.82468,8630.607505
Canada,158,<20 years,Percent,2017,0.001772382,0.002168554,0.001316725
Canada,158,<20 years,Rate,2017,142.8889014,174.3975997,106.5762173
Maldives,158,<20 years,Number,2017,199.1346519,241.540785,152.060141
Maldives,158,<20 years,Percent,2017,0.001664401,0.002019792,0.001277722
Maldives,158,<20 years,Rate,2017,150.6112258,182.6841956,115.0074284
Macedonia,158,<20 years,Number,2017,850.5620552,1028.626457,670.9983922
Macedonia,158,<20 years,Percent,2017,0.002009629,0.002427921,0.001575613
Macedonia,158,<20 years,Rate,2017,179.3078353,216.8457694,141.4538404
Northern Mariana Islands,158,<20 years,Number,2017,46.25804014,55.43426992,38.32071831
Northern Mariana Islands,158,<20 years,Percent,2017,0.003769852,0.004525678,0.003116257
Northern Mariana Islands,158,<20 years,Rate,2017,343.0214314,411.0667585,284.1630905
Vanuatu,158,<20 years,Number,2017,431.510829,511.9694171,358.6594045
Vanuatu,158,<20 years,Percent,2017,0.003244758,0.003843661,0.00269623
Vanuatu,158,<20 years,Rate,2017,310.5433438,368.4465928,258.114706
Lesotho,158,<20 years,Number,2017,2036.012167,2404.143515,1680.749863
Lesotho,158,<20 years,Percent,2017,0.002535318,0.002997216,0.002092472
Lesotho,158,<20 years,Rate,2017,238.0475907,281.0889741,196.5108372
Montenegro,158,<20 years,Number,2017,273.7242786,335.0697329,212.8304359
Montenegro,158,<20 years,Percent,2017,0.002001287,0.002457233,0.001545013
Montenegro,158,<20 years,Rate,2017,177.1661911,216.8716223,137.7530626
Myanmar,158,<20 years,Number,2017,45055.87477,53373.29401,37274.21381
Myanmar,158,<20 years,Percent,2017,0.00249866,0.002953698,0.002063976
Myanmar,158,<20 years,Rate,2017,234.7687381,278.107593,194.2215124
Colombia,158,<20 years,Number,2017,24034.04111,30617.04784,17056.45455
Colombia,158,<20 years,Percent,2017,0.001581127,0.002021799,0.001119401
Colombia,158,<20 years,Rate,2017,138.6127903,176.5793114,98.37058807
Iceland,158,<20 years,Number,2017,179.2031524,211.9799883,148.2643776
Iceland,158,<20 years,Percent,2017,0.002435819,0.002869123,0.002005095
Iceland,158,<20 years,Rate,2017,202.0965662,239.0606815,167.2053264
Iraq,158,<20 years,Number,2017,52902.38322,63606.02529,43838.29965
Iraq,158,<20 years,Percent,2017,0.002811591,0.003382517,0.002327632
Iraq,158,<20 years,Rate,2017,256.4868989,308.3814223,212.5414555
Jordan,158,<20 years,Number,2017,11330.84956,13506.69742,9388.489746
Jordan,158,<20 years,Percent,2017,0.002730954,0.003264548,0.002244731
Jordan,158,<20 years,Rate,2017,245.6603415,292.8341676,203.5486911
United States,158,<20 years,Number,2017,141115.9264,156889.1058,120659.3764
United States,158,<20 years,Percent,2017,0.002118428,0.002358845,0.001805708
United States,158,<20 years,Rate,2017,170.165812,189.1860314,145.4981113
Solomon Islands,158,<20 years,Number,2017,919.8661836,1085.092491,772.2367634
Solomon Islands,158,<20 years,Percent,2017,0.003023736,0.003563261,0.002548716
Solomon Islands,158,<20 years,Rate,2017,290.1558223,342.2735934,243.5886839
Hungary,158,<20 years,Number,2017,3271.637327,3971.671937,2500.393122
Hungary,158,<20 years,Percent,2017,0.001967765,0.002378411,0.001504119
Hungary,158,<20 years,Rate,2017,172.8780878,209.8689375,132.1244192
Algeria,158,<20 years,Number,2017,34374.1385,41024.50106,28196.12124
Algeria,158,<20 years,Percent,2017,0.002819727,0.003371332,0.002314823
Algeria,158,<20 years,Rate,2017,242.7276884,289.6882,199.1025704
Sudan,158,<20 years,Number,2017,50058.08004,59211.26747,41236.43894
Sudan,158,<20 years,Percent,2017,0.002537798,0.003002998,0.00208928
Sudan,158,<20 years,Rate,2017,237.876789,281.3728805,195.9562108
Philippines,158,<20 years,Number,2017,101647.1476,119800.7219,84306.84397
Philippines,158,<20 years,Percent,2017,0.002526677,0.002972873,0.002098389
Philippines,158,<20 years,Rate,2017,235.5409706,277.6071829,195.3593024
Poland,158,<20 years,Number,2017,12587.22761,15179.02701,9934.703078
Poland,158,<20 years,Percent,2017,0.001895244,0.002289149,0.001492544
Poland,158,<20 years,Rate,2017,164.0195496,197.7923377,129.4554746
Kuwait,158,<20 years,Number,2017,2403.082278,2848.212706,1980.2307
Kuwait,158,<20 years,Percent,2017,0.002633026,0.003116755,0.00217123
Kuwait,158,<20 years,Rate,2017,223.1840613,264.5251414,183.912109
Djibouti,158,<20 years,Number,2017,575.1039545,727.2672908,405.7955012
Djibouti,158,<20 years,Percent,2017,0.001318001,0.001661738,0.000929197
Djibouti,158,<20 years,Rate,2017,120.5837448,152.4882809,85.08434131
Barbados,158,<20 years,Number,2017,96.42426328,123.4578013,68.4272548
Barbados,158,<20 years,Percent,2017,0.001530012,0.001971724,0.001088718
Barbados,158,<20 years,Rate,2017,135.7078182,173.7549066,96.30473843
Tonga,158,<20 years,Number,2017,126.1905388,148.8922196,107.2352158
Tonga,158,<20 years,Percent,2017,0.002985525,0.00351916,0.002537289
Tonga,158,<20 years,Rate,2017,275.1798827,324.6847498,233.8445845
Costa Rica,158,<20 years,Number,2017,2077.79281,2559.633721,1548.79854
Costa Rica,158,<20 years,Percent,2017,0.001652645,0.002047447,0.001222558
Costa Rica,158,<20 years,Rate,2017,143.5623893,176.8545598,107.0122189
Niger,158,<20 years,Number,2017,21548.89999,25236.17419,17645.5966
Niger,158,<20 years,Percent,2017,0.001672101,0.001957415,0.001370754
Niger,158,<20 years,Rate,2017,161.9679525,189.682604,132.6295613
Romania,158,<20 years,Number,2017,6639.042275,8216.91707,4902.951925
Romania,158,<20 years,Percent,2017,0.001784978,0.002195268,0.001310217
Romania,158,<20 years,Rate,2017,160.9970801,199.2606164,118.8968094
Namibia,158,<20 years,Number,2017,2054.914818,2442.96121,1664.510773
Namibia,158,<20 years,Percent,2017,0.002093122,0.002484118,0.00168871
Namibia,158,<20 years,Rate,2017,192.6816569,229.067312,156.0749336
Sri Lanka,158,<20 years,Number,2017,10664.46207,13174.06118,8152.24867
Sri Lanka,158,<20 years,Percent,2017,0.001739852,0.002156563,0.001325923
Sri Lanka,158,<20 years,Rate,2017,155.8579593,192.5350082,119.1427034
Bahrain,158,<20 years,Number,2017,944.1746746,1123.845307,777.132628
Bahrain,158,<20 years,Percent,2017,0.002861116,0.003411888,0.002350559
Bahrain,158,<20 years,Rate,2017,257.7925002,306.8488272,212.1842161
Belize,158,<20 years,Number,2017,275.2647983,328.3335516,212.0541737
Belize,158,<20 years,Percent,2017,0.001818321,0.002174462,0.001395585
Belize,158,<20 years,Rate,2017,165.9929207,197.9949689,127.8750202
Antigua and Barbuda,158,<20 years,Number,2017,34.48803369,44.12735786,24.51317295
Antigua and Barbuda,158,<20 years,Percent,2017,0.001502094,0.001935419,0.00106647
Antigua and Barbuda,158,<20 years,Rate,2017,136.8700232,175.1248722,97.2835558
Madagascar,158,<20 years,Number,2017,23539.02248,27286.11252,19358.68461
Madagascar,158,<20 years,Percent,2017,0.001720065,0.001987744,0.001412279
Madagascar,158,<20 years,Rate,2017,165.8693421,192.27347,136.4123036
El Salvador,158,<20 years,Number,2017,3394.172444,4198.533814,2525.22601
El Salvador,158,<20 years,Percent,2017,0.001675886,0.002072085,0.001238949
El Salvador,158,<20 years,Rate,2017,149.4085595,184.8158569,111.1582828
Afghanistan,158,<20 years,Number,2017,65174.00387,77996.43717,53425.25969
Afghanistan,158,<20 years,Percent,2017,0.003576486,0.004279328,0.002922686
Afghanistan,158,<20 years,Rate,2017,338.0975937,404.6154318,277.1496405
"Virgin Islands, U.S.",158,<20 years,Number,2017,34.40895044,44.28681275,24.54722524
"Virgin Islands, U.S.",158,<20 years,Percent,2017,0.001467868,0.001890871,0.001038771
"Virgin Islands, U.S.",158,<20 years,Rate,2017,127.5218635,164.1298795,90.97365267
Togo,158,<20 years,Number,2017,6163.202537,7340.963837,4734.653365
Togo,158,<20 years,Percent,2017,0.001670877,0.001988104,0.001283832
Togo,158,<20 years,Rate,2017,162.3965519,193.4298293,124.7551701
Eritrea,158,<20 years,Number,2017,4351.588991,5365.540821,3249.615422
Eritrea,158,<20 years,Percent,2017,0.001519914,0.001877599,0.001138923
Eritrea,158,<20 years,Rate,2017,144.120574,177.7017142,107.6242359
Thailand,158,<20 years,Number,2017,19248.48008,25932.63766,13452.699
Thailand,158,<20 years,Percent,2017,0.001328826,0.001781179,0.000928845
Thailand,158,<20 years,Rate,2017,121.2465992,163.3502547,84.73884674
Nigeria,158,<20 years,Number,2017,175831.5068,213188.6617,136116.4349
Nigeria,158,<20 years,Percent,2017,0.001597303,0.001935517,0.00123142
Nigeria,158,<20 years,Rate,2017,153.3594163,185.9421518,118.7201167
Malawi,158,<20 years,Number,2017,15051.44983,17675.81471,12106.23639
Malawi,158,<20 years,Percent,2017,0.001690003,0.001979231,0.001359519
Malawi,158,<20 years,Rate,2017,160.4337467,188.4069118,129.0406496
Mauritius,158,<20 years,Number,2017,530.8543445,651.3091388,403.7033935
Mauritius,158,<20 years,Percent,2017,0.001813037,0.002217941,0.001372563
Mauritius,158,<20 years,Rate,2017,165.1377559,202.6087394,125.5837371
Malaysia,158,<20 years,Number,2017,15636.56508,18915.53206,12278.44962
Malaysia,158,<20 years,Percent,2017,0.001732962,0.002100382,0.001353321
Malaysia,158,<20 years,Rate,2017,148.6465841,179.8175759,116.7231796
Senegal,158,<20 years,Number,2017,12052.5309,14643.46494,9209.711001
Senegal,158,<20 years,Percent,2017,0.00162478,0.001965412,0.001238703
Senegal,158,<20 years,Rate,2017,156.1993054,189.7774893,119.3567122
Kyrgyzstan,158,<20 years,Number,2017,4714.522275,5593.518108,3822.46634
Kyrgyzstan,158,<20 years,Percent,2017,0.002023163,0.00239967,0.001641709
Kyrgyzstan,158,<20 years,Rate,2017,183.8506578,218.128566,149.063449
Egypt,158,<20 years,Number,2017,121832.3279,145856.2874,100424.0256
Egypt,158,<20 years,Percent,2017,0.003202972,0.003833916,0.002623935
Egypt,158,<20 years,Rate,2017,292.0657135,349.6577746,240.7441047
Norway,158,<20 years,Number,2017,2200.011017,2625.396085,1724.086011
Norway,158,<20 years,Percent,2017,0.002129193,0.00253257,0.001658191
Norway,158,<20 years,Rate,2017,174.3472374,208.058301,136.6309671
Peru,158,<20 years,Number,2017,19518.47113,22907.79762,15690.2073
Peru,158,<20 years,Percent,2017,0.0017078,0.002016812,0.001366517
Peru,158,<20 years,Rate,2017,156.308299,183.4507865,125.6507028
Cape Verde,158,<20 years,Number,2017,179.7851558,253.1718912,118.0645366
Cape Verde,158,<20 years,Percent,2017,0.000985121,0.001394561,0.000650305
Cape Verde,158,<20 years,Rate,2017,87.79606436,123.6336535,57.65549226
Bangladesh,158,<20 years,Number,2017,122177.3242,141241.6882,103073.4332
Bangladesh,158,<20 years,Percent,2017,0.002074116,0.002404892,0.001745293
Bangladesh,158,<20 years,Rate,2017,198.8023334,229.8231473,167.7172025
Israel,158,<20 years,Number,2017,5286.087894,6358.841969,4121.318876
Israel,158,<20 years,Percent,2017,0.001992973,0.002389908,0.001550919
Israel,158,<20 years,Rate,2017,166.5040786,200.2942713,129.815549
Portugal,158,<20 years,Number,2017,3370.589953,4152.578798,2576.454792
Portugal,158,<20 years,Percent,2017,0.002010016,0.002469289,0.001522264
Portugal,158,<20 years,Rate,2017,165.8128006,204.2819595,126.7461158
Azerbaijan,158,<20 years,Number,2017,5524.899472,6580.504607,4432.850152
Azerbaijan,158,<20 years,Percent,2017,0.002011349,0.002417239,0.00160707
Azerbaijan,158,<20 years,Rate,2017,178.2039098,212.2521243,142.9801995
India,158,<20 years,Number,2017,975930.3353,1121370.228,816660.0944
India,158,<20 years,Percent,2017,0.001908055,0.002185211,0.001596926
India,158,<20 years,Rate,2017,183.1808975,210.4797826,153.2860734
Vietnam,158,<20 years,Number,2017,57134.50437,68298.87637,46163.68872
Vietnam,158,<20 years,Percent,2017,0.002121929,0.002531814,0.001712021
Vietnam,158,<20 years,Rate,2017,195.4049299,233.5880445,157.8837947
Italy,158,<20 years,Number,2017,16305.70239,20858.38803,11618.10643
Italy,158,<20 years,Percent,2017,0.001765105,0.002264891,0.001261407
Italy,158,<20 years,Rate,2017,147.2820223,188.404369,104.9410918
Serbia,158,<20 years,Number,2017,3854.642068,4575.729936,3113.373188
Serbia,158,<20 years,Percent,2017,0.002126073,0.002534469,0.001717682
Serbia,158,<20 years,Rate,2017,190.1441429,225.7144066,153.578378
Luxembourg,158,<20 years,Number,2017,244.7877029,291.5846709,197.5550927
Luxembourg,158,<20 years,Percent,2017,0.002310494,0.002751755,0.001874513
Luxembourg,158,<20 years,Rate,2017,189.4103304,225.6206018,152.8629703
Kazakhstan,158,<20 years,Number,2017,10444.12842,12429.18895,8397.609994
Kazakhstan,158,<20 years,Percent,2017,0.001973859,0.002338351,0.001584518
Kazakhstan,158,<20 years,Rate,2017,173.1017943,206.0023413,139.1826392
Nepal,158,<20 years,Number,2017,29274.13402,33975.0548,25267.54448
Nepal,158,<20 years,Percent,2017,0.002425473,0.002814565,0.002081555
Nepal,158,<20 years,Rate,2017,229.3516631,266.1815826,197.9615637
Austria,158,<20 years,Number,2017,4216.950954,4988.696683,3500.853691
Austria,158,<20 years,Percent,2017,0.003000764,0.003558622,0.002483814
Austria,158,<20 years,Rate,2017,245.0846747,289.9377103,203.4658685
Malta,158,<20 years,Number,2017,149.3914696,179.4034352,118.1325634
Malta,158,<20 years,Percent,2017,0.002173935,0.002604818,0.001725669
Malta,158,<20 years,Rate,2017,177.432215,213.0774198,140.3060192
Zimbabwe,158,<20 years,Number,2017,16076.30191,18845.46117,13332.95995
Zimbabwe,158,<20 years,Percent,2017,0.00228505,0.002672845,0.001886712
Zimbabwe,158,<20 years,Rate,2017,211.622904,248.0751631,175.5104948
New Zealand,158,<20 years,Number,2017,1754.017874,2151.298242,1308.212829
New Zealand,158,<20 years,Percent,2017,0.001972304,0.002425071,0.00146291
New Zealand,158,<20 years,Rate,2017,147.5461297,180.9649344,110.0454805
Palestine,158,<20 years,Number,2017,5251.94907,6229.561815,4354.337141
Palestine,158,<20 years,Percent,2017,0.002491524,0.002959808,0.002060668
Palestine,158,<20 years,Rate,2017,223.0536173,264.5734523,184.9314678
Dominica,158,<20 years,Number,2017,30.46785433,38.60892267,22.07486114
Dominica,158,<20 years,Percent,2017,0.001612899,0.002049581,0.001169655
Dominica,158,<20 years,Rate,2017,146.5858109,185.753817,106.2057533
Oman,158,<20 years,Number,2017,2084.046717,2497.477136,1657.378277
Oman,158,<20 years,Percent,2017,0.001874093,0.002245069,0.001483775
Oman,158,<20 years,Rate,2017,170.1704339,203.9286185,135.331314
Dominican Republic,158,<20 years,Number,2017,5993.686106,7237.474154,4486.704453
Dominican Republic,158,<20 years,Percent,2017,0.001741514,0.002102579,0.001301349
Dominican Republic,158,<20 years,Rate,2017,158.0224469,190.8146932,118.291149
Andorra,158,<20 years,Number,2017,29.25295651,35.12048197,22.75209222
Andorra,158,<20 years,Percent,2017,0.002303213,0.002745801,0.001786103
Andorra,158,<20 years,Rate,2017,191.124406,229.4599267,148.6509615
Somalia,158,<20 years,Number,2017,14039.8321,16650.24319,10891.35756
Somalia,158,<20 years,Percent,2017,0.001521014,0.00180127,0.001179366
Somalia,158,<20 years,Rate,2017,144.966425,171.9198787,112.4572685
Slovenia,158,<20 years,Number,2017,591.2911465,732.1192724,438.8376179
Slovenia,158,<20 years,Percent,2017,0.001723358,0.00212806,0.001275163
Slovenia,158,<20 years,Rate,2017,147.6132147,182.7703324,109.5538668
South Sudan,158,<20 years,Number,2017,8700.642474,10204.95025,6850.534632
South Sudan,158,<20 years,Percent,2017,0.001567279,0.001839788,0.001236178
South Sudan,158,<20 years,Rate,2017,150.3024403,176.2891569,118.3420737
Chad,158,<20 years,Number,2017,15577.96304,18308.56374,12642.27779
Chad,158,<20 years,Percent,2017,0.00171972,0.002017389,0.001393746
Chad,158,<20 years,Rate,2017,166.3305902,195.486034,134.985397
Bhutan,158,<20 years,Number,2017,535.2506701,642.7985171,410.9878239
Bhutan,158,<20 years,Percent,2017,0.001621473,0.001946841,0.001245096
Bhutan,158,<20 years,Rate,2017,151.5723925,182.0278135,116.3836147
Armenia,158,<20 years,Number,2017,1519.966002,1814.223239,1229.342792
Armenia,158,<20 years,Percent,2017,0.002227694,0.002670182,0.001795913
Armenia,158,<20 years,Rate,2017,197.8541226,236.157616,160.023671
Netherlands,158,<20 years,Number,2017,6537.193789,8019.833988,4977.737169
Netherlands,158,<20 years,Percent,2017,0.002125003,0.002599874,0.001627145
Netherlands,158,<20 years,Rate,2017,172.0107669,211.0229311,130.9773605
Guyana,158,<20 years,Number,2017,446.9509285,538.1722953,341.6725493
Guyana,158,<20 years,Percent,2017,0.00168791,0.002028908,0.001294965
Guyana,158,<20 years,Rate,2017,156.5435459,188.493622,119.6700331
Georgia,158,<20 years,Number,2017,1827.490681,2187.370223,1468.414794
Georgia,158,<20 years,Percent,2017,0.002266094,0.002713531,0.00183076
Georgia,158,<20 years,Rate,2017,198.2267507,237.2626555,159.2780178
Belarus,158,<20 years,Number,2017,3488.362692,4196.630737,2810.338564
Belarus,158,<20 years,Percent,2017,0.002059751,0.002470818,0.001653294
Belarus,158,<20 years,Rate,2017,174.0082302,209.3384065,140.1866959
Slovakia,158,<20 years,Number,2017,1663.990132,2075.203854,1239.323634
Slovakia,158,<20 years,Percent,2017,0.001718844,0.002140119,0.001272049
Slovakia,158,<20 years,Rate,2017,150.4826142,187.6706447,112.0779845
Mozambique,158,<20 years,Number,2017,27334.06945,32089.13608,21806.07148
Mozambique,158,<20 years,Percent,2017,0.001653714,0.001938441,0.001318027
Mozambique,158,<20 years,Rate,2017,158.5111594,186.0859457,126.454119
Iran,158,<20 years,Number,2017,45510.40515,53751.21637,37849.45957
Iran,158,<20 years,Percent,2017,0.002043795,0.002405044,0.001694526
Iran,158,<20 years,Rate,2017,181.4817128,214.3435721,150.9321819
Benin,158,<20 years,Number,2017,10381.54391,12433.46607,8151.091182
Benin,158,<20 years,Percent,2017,0.001676674,0.002003435,0.001320174
Benin,158,<20 years,Rate,2017,161.6746002,193.6297409,126.9391547
Australia,158,<20 years,Number,2017,8305.206615,10394.82956,5997.964125
Australia,158,<20 years,Percent,2017,0.001829181,0.00227687,0.00131166
Australia,158,<20 years,Rate,2017,139.6530264,174.7902821,100.8564724
Nicaragua,158,<20 years,Number,2017,4150.849798,5018.087223,3185.487384
Nicaragua,158,<20 years,Percent,2017,0.001794362,0.002162358,0.001378149
Nicaragua,158,<20 years,Rate,2017,157.245886,190.0992832,120.6752377
Kenya,158,<20 years,Number,2017,35060.75029,42659.79142,26473.50151
Kenya,158,<20 years,Percent,2017,0.001506122,0.001829641,0.001138527
Kenya,158,<20 years,Rate,2017,141.4966856,172.1645728,106.840632
Estonia,158,<20 years,Number,2017,449.807618,542.0266255,360.3902207
Estonia,158,<20 years,Percent,2017,0.001981734,0.002389556,0.001588126
Estonia,158,<20 years,Rate,2017,164.9261307,198.7390842,132.1404135
Honduras,158,<20 years,Number,2017,7608.876934,8904.338419,6088.499212
Honduras,158,<20 years,Percent,2017,0.00190841,0.002239322,0.00152325
Honduras,158,<20 years,Rate,2017,174.3384433,204.0207132,139.5027787
Sierra Leone,158,<20 years,Number,2017,7201.885511,8494.267455,5798.649298
Sierra Leone,158,<20 years,Percent,2017,0.001798206,0.002120143,0.001448521
Sierra Leone,158,<20 years,Rate,2017,175.618291,207.1330808,141.400315
Rwanda,158,<20 years,Number,2017,9680.015088,11473.37043,7527.833867
Rwanda,158,<20 years,Percent,2017,0.001604201,0.001899992,0.001247813
Rwanda,158,<20 years,Rate,2017,149.7476351,177.490435,116.4538804
Singapore,158,<20 years,Number,2017,1133.254798,1489.947113,788.4916182
Singapore,158,<20 years,Percent,2017,0.001209165,0.001585741,0.000840191
Singapore,158,<20 years,Rate,2017,96.00322733,126.2202742,66.79675232
Pakistan,158,<20 years,Number,2017,180856.1945,209353.1506,149933.5106
Pakistan,158,<20 years,Percent,2017,0.001890029,0.002195021,0.001561192
Pakistan,158,<20 years,Rate,2017,177.3546486,205.299877,147.0306569
Mexico,158,<20 years,Number,2017,66624.53692,79341.35246,53011.97818
Mexico,158,<20 years,Percent,2017,0.001673829,0.00198766,0.001328516
Mexico,158,<20 years,Rate,2017,144.5935442,172.1925267,115.0505529
Guatemala,158,<20 years,Number,2017,12313.61068,14796.53674,9724.971194
Guatemala,158,<20 years,Percent,2017,0.00184323,0.00222293,0.00145154
Guatemala,158,<20 years,Rate,2017,165.460707,198.824333,130.6765863
Panama,158,<20 years,Number,2017,1819.699764,2292.550372,1313.642086
Panama,158,<20 years,Percent,2017,0.001456886,0.00182641,0.001049161
Panama,158,<20 years,Rate,2017,127.9362114,161.1805502,92.35720912
The Bahamas,158,<20 years,Number,2017,172.4400394,214.7288877,125.9388902
The Bahamas,158,<20 years,Percent,2017,0.001664905,0.002068704,0.001222715
The Bahamas,158,<20 years,Rate,2017,148.7010902,185.1682464,108.6015194
Ethiopia,158,<20 years,Number,2017,79280.13147,95540.75177,61113.69787
Ethiopia,158,<20 years,Percent,2017,0.0014622,0.001762824,0.001129637
Ethiopia,158,<20 years,Rate,2017,138.8116151,167.2823419,107.0039989
Cuba,158,<20 years,Number,2017,4207.544375,5072.520905,3200.796909
Cuba,158,<20 years,Percent,2017,0.001872098,0.002247774,0.001415533
Cuba,158,<20 years,Rate,2017,165.0513295,198.9821722,125.5591714
Sao Tome and Principe,158,<20 years,Number,2017,169.7338352,205.891602,128.9431153
Sao Tome and Principe,158,<20 years,Percent,2017,0.001829935,0.002214994,0.001387065
Sao Tome and Principe,158,<20 years,Rate,2017,173.0138175,209.8703067,131.4348468
Burkina Faso,158,<20 years,Number,2017,19957.30191,23494.22179,16193.09034
Burkina Faso,158,<20 years,Percent,2017,0.001717731,0.002017871,0.001394434
Burkina Faso,158,<20 years,Rate,2017,167.9832729,197.7539994,136.2994019
Turkmenistan,158,<20 years,Number,2017,2899.813938,3486.62196,2248.572508
Turkmenistan,158,<20 years,Percent,2017,0.001804811,0.00217395,0.001403698
Turkmenistan,158,<20 years,Rate,2017,158.7117088,190.8287017,123.0681666
Mongolia,158,<20 years,Number,2017,2153.085662,2561.759629,1751.38043
Mongolia,158,<20 years,Percent,2017,0.002072565,0.002477498,0.001687933
Mongolia,158,<20 years,Rate,2017,184.5636195,219.5953639,150.1292387
Cote d'Ivoire,158,<20 years,Number,2017,19587.45029,23488.62149,15003.97254
Cote d'Ivoire,158,<20 years,Percent,2017,0.001602429,0.001917051,0.001225372
Cote d'Ivoire,158,<20 years,Rate,2017,153.2461453,183.7677007,117.3864348
Lebanon,158,<20 years,Number,2017,9173.526758,11062.64565,7571.046663
Lebanon,158,<20 years,Percent,2017,0.003116345,0.003773488,0.002555609
Lebanon,158,<20 years,Rate,2017,273.9979046,330.422727,226.1345038
Tajikistan,158,<20 years,Number,2017,7809.994939,9151.035427,6403.484148
Tajikistan,158,<20 years,Percent,2017,0.002067105,0.0024237,0.00169982
Tajikistan,158,<20 years,Rate,2017,190.5983281,223.3256316,156.2732603
Cameroon,158,<20 years,Number,2017,24465.34643,29330.1159,18967.43926
Cameroon,158,<20 years,Percent,2017,0.001720771,0.00206396,0.00133031
Cameroon,158,<20 years,Rate,2017,164.1921123,196.8406088,127.294495
Seychelles,158,<20 years,Number,2017,43.60051703,53.73640429,33.41753179
Seychelles,158,<20 years,Percent,2017,0.0016928,0.002083039,0.001297557
Seychelles,158,<20 years,Rate,2017,149.6998885,184.5008794,114.7371895
Sweden,158,<20 years,Number,2017,4521.735883,5284.791937,3702.119786
Sweden,158,<20 years,Percent,2017,0.002374204,0.002768334,0.00193471
Sweden,158,<20 years,Rate,2017,195.8850686,228.9412424,160.3786703
Belgium,158,<20 years,Number,2017,5411.090455,6388.479936,4462.853065
Belgium,158,<20 years,Percent,2017,0.002664652,0.003155926,0.002185083
Belgium,158,<20 years,Rate,2017,212.4266098,250.7966085,175.2010532
Switzerland,158,<20 years,Number,2017,3155.844699,3783.853265,2500.901291
Switzerland,158,<20 years,Percent,2017,0.002294453,0.002749943,0.001815521
Switzerland,158,<20 years,Rate,2017,184.0150962,220.6338362,145.8258043
Timor-Leste,158,<20 years,Number,2017,1323.293002,1558.484024,1084.230576
Timor-Leste,158,<20 years,Percent,2017,0.002126986,0.002498032,0.001744653
Timor-Leste,158,<20 years,Rate,2017,202.5861417,238.5921069,165.987494
Libya,158,<20 years,Number,2017,6529.201756,7873.444945,5305.516491
Libya,158,<20 years,Percent,2017,0.002931967,0.00352848,0.002376446
Libya,158,<20 years,Rate,2017,261.3027755,315.1002364,212.3301188
United Kingdom,158,<20 years,Number,2017,31526.16247,36724.8592,25885.12552
United Kingdom,158,<20 years,Percent,2017,0.002516466,0.002929894,0.002057233
United Kingdom,158,<20 years,Rate,2017,202.4422436,235.8251786,166.2188632
Angola,158,<20 years,Number,2017,23975.5378,28114.18549,19040.65577
Angola,158,<20 years,Percent,2017,0.001555651,0.001827519,0.001233304
Angola,158,<20 years,Rate,2017,149.528415,175.3399499,118.7509995
Cyprus,158,<20 years,Number,2017,510.0299558,606.6759136,415.862721
Cyprus,158,<20 years,Percent,2017,0.002293277,0.002707862,0.001863935
Cyprus,158,<20 years,Rate,2017,191.6605569,227.9784591,156.2741164
Morocco,158,<20 years,Number,2017,38312.89445,45956.25078,31252.96331
Morocco,158,<20 years,Percent,2017,0.003357018,0.004033639,0.002741477
Morocco,158,<20 years,Rate,2017,304.7049637,365.4930782,248.5568681
American Samoa,158,<20 years,Number,2017,67.95328582,79.79985218,57.00041296
American Samoa,158,<20 years,Percent,2017,0.003132107,0.003679061,0.002609629
American Samoa,158,<20 years,Rate,2017,284.5318569,334.1354262,238.6703328
Spain,158,<20 years,Number,2017,15856.89812,19054.3347,12208.38073
Spain,158,<20 years,Percent,2017,0.002140982,0.002577009,0.00163661
Spain,158,<20 years,Rate,2017,173.3258603,208.2758514,133.4452727
Grenada,158,<20 years,Number,2017,51.81373316,63.57906817,38.6810838
Grenada,158,<20 years,Percent,2017,0.001694348,0.002087805,0.001268133
Grenada,158,<20 years,Rate,2017,153.9670087,188.9282695,114.9427073
The Gambia,158,<20 years,Number,2017,1891.717706,2269.024108,1482.209696
The Gambia,158,<20 years,Percent,2017,0.001741202,0.002086068,0.001363674
The Gambia,158,<20 years,Rate,2017,166.3022977,199.4715816,130.3021467
